﻿trials_6.thisRepN,trials_6.thisTrialN,trials_6.thisN,trials_6.thisIndex,trials.thisRepN,trials.thisTrialN,trials.thisN,trials.thisIndex,trials_2.thisRepN,trials_2.thisTrialN,trials_2.thisN,trials_2.thisIndex,trials_3.thisRepN,trials_3.thisTrialN,trials_3.thisN,trials_3.thisIndex,trials_4.thisRepN,trials_4.thisTrialN,trials_4.thisN,trials_4.thisIndex,trials_5.thisRepN,trials_5.thisTrialN,trials_5.thisN,trials_5.thisIndex,text_6.started,text_6.stopped,button_2.started,button_2.stopped,button_2.numClicks,button_2.timesOn,button_2.timesOff,key_resp_11.keys,key_resp_11.rt,key_resp_11.started,key_resp_11.stopped,text_8.started,text_8.stopped,text_4.started,text_4.stopped,button.started,button.stopped,button.numClicks,button.timesOn,button.timesOff,key_resp_12.keys,key_resp_12.rt,key_resp_12.started,key_resp_12.stopped,text_7.started,text_7.stopped,key_resp_8.keys,key_resp_8.rt,key_resp_8.started,key_resp_8.stopped,sound_31.started,sound_31.stopped,text_10.started,text_10.stopped,image.started,image.stopped,polygon_26.started,polygon_26.stopped,sound_26.started,sound_26.stopped,polygon_27.started,polygon_27.stopped,sound_27.started,sound_27.stopped,polygon_28.started,polygon_28.stopped,sound_28.started,sound_28.stopped,polygon_29.started,polygon_29.stopped,sound_29.started,sound_29.stopped,key_resp_10.keys,key_resp_10.corr,key_resp_10.rt,key_resp_10.started,key_resp_10.stopped,polygon_30.started,polygon_30.stopped,sound_30.started,sound_30.stopped,text.started,text.stopped,key_resp_2.keys,key_resp_2.corr,key_resp_2.rt,key_resp_2.started,key_resp_2.stopped,polygon_31.started,polygon_31.stopped,polygon.started,polygon.stopped,sound_1.started,sound_1.stopped,polygon_3.started,polygon_3.stopped,sound_2.started,sound_2.stopped,polygon_4.started,polygon_4.stopped,sound_3.started,sound_3.stopped,polygon_2.started,polygon_2.stopped,key_resp.keys,key_resp.corr,key_resp.rt,key_resp.started,key_resp.stopped,sound_4.started,sound_4.stopped,polygon_5.started,polygon_5.stopped,sound_5.started,sound_5.stopped,text_2.started,text_2.stopped,key_resp_3.keys,key_resp_3.corr,key_resp_3.rt,key_resp_3.started,key_resp_3.stopped,polygon_6.started,polygon_6.stopped,sound_6.started,sound_6.stopped,polygon_7.started,polygon_7.stopped,sound_7.started,sound_7.stopped,polygon_8.started,polygon_8.stopped,sound_8.started,sound_8.stopped,polygon_9.started,polygon_9.stopped,key_resp_4.keys,key_resp_4.corr,key_resp_4.rt,key_resp_4.started,key_resp_4.stopped,sound_9.started,sound_9.stopped,polygon_24.started,polygon_24.stopped,sound_24.started,sound_24.stopped,polygon_10.started,polygon_10.stopped,sound_10.started,sound_10.stopped,polygon_11.started,polygon_11.stopped,sound_11.started,sound_11.stopped,polygon_12.started,polygon_12.stopped,sound_12.started,sound_12.stopped,polygon_13.started,polygon_13.stopped,key_resp_5.keys,key_resp_5.corr,key_resp_5.rt,key_resp_5.started,key_resp_5.stopped,sound_13.started,sound_13.stopped,polygon_25.started,polygon_25.stopped,sound_25.started,sound_25.stopped,polygon_14.started,polygon_14.stopped,sound_14.started,sound_14.stopped,polygon_15.started,polygon_15.stopped,sound_15.started,sound_15.stopped,polygon_16.started,polygon_16.stopped,sound_16.started,sound_16.stopped,sound_17.started,sound_17.stopped,polygon_17.started,polygon_17.stopped,key_resp_6.keys,key_resp_6.corr,key_resp_6.rt,key_resp_6.started,key_resp_6.stopped,polygon_18.started,polygon_18.stopped,sound_18.started,sound_18.stopped,polygon_19.started,polygon_19.stopped,sound_19.started,sound_19.stopped,polygon_20.started,polygon_20.stopped,sound_20.started,sound_20.stopped,polygon_21.started,polygon_21.stopped,sound_21.started,sound_21.stopped,polygon_22.started,polygon_22.stopped,sound_22.started,sound_22.stopped,key_resp_7.keys,key_resp_7.corr,key_resp_7.rt,key_resp_7.started,key_resp_7.stopped,polygon_23.started,polygon_23.stopped,sound_23.started,sound_23.stopped,text_3.started,text_3.stopped,participant,session,date,expName,psychopyVersion,frameRate,
,,,,,,,,,,,,,,,,,,,,,,,,23.506943157000933,None,23.506943157000933,None,0,,,space,15.524296500982018,24.478773681010352,None,,,,,,,,,,,,,,,,,,,,,,,,,,,,,,,,,,,,,,,,,,,,,,,,,,,,,,,,,,,,,,,,,,,,,,,,,,,,,,,,,,,,,,,,,,,,,,,,,,,,,,,,,,,,,,,,,,,,,,,,,,,,,,,,,,,,,,,,,,,,,,,,,,,,,,,,,,,,,,,,,,,,,,,,,,,,,,,,,,,,,,,,,,,,,,,,,,002,001,2022-05-13_14h13.01.003,Trial_Exp,2022.1.2,59.98577102235553,
,,,,,,,,,,,,,,,,,,,,,,,,,,,,,,,,,,,40.03312943200581,None,55.03769029499381,None,55.03769029499381,None,0,,,space,4.353406804002589,56.00362863499322,None,,,,,,,,,,,,,,,,,,,,,,,,,,,,,,,,,,,,,,,,,,,,,,,,,,,,,,,,,,,,,,,,,,,,,,,,,,,,,,,,,,,,,,,,,,,,,,,,,,,,,,,,,,,,,,,,,,,,,,,,,,,,,,,,,,,,,,,,,,,,,,,,,,,,,,,,,,,,,,,,,,,,,,,,,,,,,,,,,,,,,002,001,2022-05-13_14h13.01.003,Trial_Exp,2022.1.2,59.98577102235553,
,,,,,,,,,,,,,,,,,,,,,,,,,,,,,,,,,,,,,,,,,,,,,,,,60.377918401005445,None,space,26.25909941800637,60.377918401005445,None,,,,,,,,,,,,,,,,,,,,,,,,,,,,,,,,,,,,,,,,,,,,,,,,,,,,,,,,,,,,,,,,,,,,,,,,,,,,,,,,,,,,,,,,,,,,,,,,,,,,,,,,,,,,,,,,,,,,,,,,,,,,,,,,,,,,,,,,,,,,,,,,,,,,,,,,,,,,,,,,,,,,,,,,,,,,,,,002,001,2022-05-13_14h13.01.003,Trial_Exp,2022.1.2,59.98577102235553,
0,0,0,0,,,,,,,,,,,,,,,,,,,,,,,,,,,,,,,,,,,,,,,,,,,,,,,,,,,60.37810767091287,61.371794178005075,60.377918401005445,None,60.377918401005445,None,86.66393653099658,None,86.66392373891722,None,91.66565869399346,None,91.66542908090923,None,95.65553628499038,None,95.6651306818967,None,99.6672824510024,None,99.6670719068934,None,lshift,1,0.4297464950068388,99.6672824510024,None,100.11719436800922,None,100.11728216991469,101.10476616100641,,,,,,,,,,,,,,,,,,,,,,,,,,,,,,,,,,,,,,,,,,,,,,,,,,,,,,,,,,,,,,,,,,,,,,,,,,,,,,,,,,,,,,,,,,,,,,,,,,,,,,,,,,,,,,,,,,,,,,,,,,,,,,,,,,,,,,,,,,,,,,,,002,001,2022-05-13_14h13.01.003,Trial_Exp,2022.1.2,59.98577102235553,
1,0,1,0,,,,,,,,,,,,,,,,,,,,,,,,,,,,,,,,,,,,,,,,,,,,,,,,,,,,,,,,,107.12049281300278,None,107.11964708591404,None,112.1211551320157,None,112.12119066489686,None,116.12179124701652,None,116.12271401290491,None,120.12290998300887,None,120.12295357290714,None,rshift,1,0.48011831898475066,120.12290998300887,None,120.62302993200137,None,120.62291388089943,121.62551400600933,,,,,,,,,,,,,,,,,,,,,,,,,,,,,,,,,,,,,,,,,,,,,,,,,,,,,,,,,,,,,,,,,,,,,,,,,,,,,,,,,,,,,,,,,,,,,,,,,,,,,,,,,,,,,,,,,,,,,,,,,,,,,,,,,,,,,,,,,,,,,,,,002,001,2022-05-13_14h13.01.003,Trial_Exp,2022.1.2,59.98577102235553,
2,0,2,0,,,,,,,,,,,,,,,,,,,,,,,,,,,,,,,,,,,,,,,,,,,,,,,,,,,,,,,,,127.62635706900619,None,127.62656773290655,None,132.62672575499164,None,132.6266418359155,None,136.62830561000737,None,136.6282783899078,None,140.6288339390012,None,140.6286825408897,None,lshift,1,0.5271962420083582,140.6288339390012,None,141.1788307960087,None,141.1790984718973,142.17983174099936,,,,,,,,,,,,,,,,,,,,,,,,,,,,,,,,,,,,,,,,,,,,,,,,,,,,,,,,,,,,,,,,,,,,,,,,,,,,,,,,,,,,,,,,,,,,,,,,,,,,,,,,,,,,,,,,,,,,,,,,,,,,,,,,,,,,,,,,,,,,,,,,002,001,2022-05-13_14h13.01.003,Trial_Exp,2022.1.2,59.98577102235553,
3,0,3,0,,,,,,,,,,,,,,,,,,,,,,,,,,,,,,,,,,,,,,,,,,,,,,,,,,,,,,,,,148.18152436200762,None,148.18135112790333,None,153.1829420760041,None,153.18281535191636,None,157.18426693501533,None,157.18420710290957,None,161.17274495301535,None,161.18379422590078,None,rshift,1,0.9592814439965878,161.17274495301535,None,162.15229342700331,None,162.1521955178905,163.15239989801194,,,,,,,,,,,,,,,,,,,,,,,,,,,,,,,,,,,,,,,,,,,,,,,,,,,,,,,,,,,,,,,,,,,,,,,,,,,,,,,,,,,,,,,,,,,,,,,,,,,,,,,,,,,,,,,,,,,,,,,,,,,,,,,,,,,,,,,,,,,,,,,,002,001,2022-05-13_14h13.01.003,Trial_Exp,2022.1.2,59.98577102235553,
,,,,,,,,,,,,,,,,,,,,,,,,,,,,,,,,,,,,,,,,,,,,,,,,,,,,,,,,,,,,,,,,,,,,,,,,,,,,,,,,,,,,,169.16103825101163,None,space,0,17.8009824299952,169.16103825101163,None,,,,,,,,,,,,,,,,,,,,,,,,,,,,,,,,,,,,,,,,,,,,,,,,,,,,,,,,,,,,,,,,,,,,,,,,,,,,,,,,,,,,,,,,,,,,,,,,,,,,,,,,,,,,,,,,,,,,,,,,,,,,,,,,,,,,,,,,,002,001,2022-05-13_14h13.01.003,Trial_Exp,2022.1.2,59.98577102235553,
,,,,0,0,0,0,,,,,,,,,,,,,,,,,,,,,,,,,,,,,,,,,,,,,,,,,,,,,,,,,,,,,,,,,,,,,,,,,,,,,,,,,,,,,,,,,,,,,186.99328448000597,None,192.74474240400014,None,192.74189263343578,None,196.98501567199128,None,196.99466125640902,None,201.00393636900117,None,201.01197699841578,None,204.74750425800448,None,rshift,1,0.4274993400031235,204.74750425800448,None,204.74740525790548,None,205.43962500200723,None,205.44673348442302,None,,,,,,,,,,,,,,,,,,,,,,,,,,,,,,,,,,,,,,,,,,,,,,,,,,,,,,,,,,,,,,,,,,,,,,,,,,,,,,,,,,,,,,,,,,,,,,,,,,,,,,,,,,,,,,002,001,2022-05-13_14h13.01.003,Trial_Exp,2022.1.2,59.98577102235553,
,,,,1,0,1,0,,,,,,,,,,,,,,,,,,,,,,,,,,,,,,,,,,,,,,,,,,,,,,,,,,,,,,,,,,,,,,,,,,,,,,,,,,,,,,,,,,,,,,,213.6967518409947,None,213.69622941248235,None,217.94118494400755,None,217.95072388942936,None,221.94429644598858,None,221.952057403425,None,225.70310939400224,None,rshift,1,1.026916416012682,225.70310939400224,None,225.70360743689525,None,226.99520021799253,None,227.00335436541354,None,,,,,,,,,,,,,,,,,,,,,,,,,,,,,,,,,,,,,,,,,,,,,,,,,,,,,,,,,,,,,,,,,,,,,,,,,,,,,,,,,,,,,,,,,,,,,,,,,,,,,,,,,,,,,,002,001,2022-05-13_14h13.01.003,Trial_Exp,2022.1.2,59.98577102235553,
,,,,2,0,2,0,,,,,,,,,,,,,,,,,,,,,,,,,,,,,,,,,,,,,,,,,,,,,,,,,,,,,,,,,,,,,,,,,,,,,,,,,,,,,,,,,,,,,,,237.2477629579953,None,237.25229502248112,None,242.4992444269883,None,242.50921276240842,None,246.51597279601265,None,246.5258126364206,None,250.27721572999144,None,lshift,1,0.24480807399959303,250.27721572999144,None,250.2770053579152,None,250.78585345699685,None,250.79300611640792,None,,,,,,,,,,,,,,,,,,,,,,,,,,,,,,,,,,,,,,,,,,,,,,,,,,,,,,,,,,,,,,,,,,,,,,,,,,,,,,,,,,,,,,,,,,,,,,,,,,,,,,,,,,,,,,002,001,2022-05-13_14h13.01.003,Trial_Exp,2022.1.2,59.98577102235553,
,,,,3,0,3,0,,,,,,,,,,,,,,,,,,,,,,,,,,,,,,,,,,,,,,,,,,,,,,,,,,,,,,,,,,,,,,,,,,,,,,,,,,,,,,,,,,,,,,,260.03826488999766,None,260.04255037548137,None,265.2881435879972,None,265.2975952614215,None,269.28909340599785,None,269.29855226143263,None,273.05069618098787,None,rshift,1,0.6653404019889422,273.05069618098787,None,273.05079970390943,None,273.9765527670097,None,273.983632354415,None,,,,,,,,,,,,,,,,,,,,,,,,,,,,,,,,,,,,,,,,,,,,,,,,,,,,,,,,,,,,,,,,,,,,,,,,,,,,,,,,,,,,,,,,,,,,,,,,,,,,,,,,,,,,,,002,001,2022-05-13_14h13.01.003,Trial_Exp,2022.1.2,59.98577102235553,
,,,,4,0,4,0,,,,,,,,,,,,,,,,,,,,,,,,,,,,,,,,,,,,,,,,,,,,,,,,,,,,,,,,,,,,,,,,,,,,,,,,,,,,,,,,,,,,,,,283.2351583169948,None,283.232943050476,None,285.477872568008,None,285.48636168040684,None,289.4789400100126,None,289.4876684384071,None,293.244386166014,None,lshift,1,0.3626304280187469,293.244386166014,None,293.23957062089175,None,293.8805988120148,None,293.88905000442173,None,,,,,,,,,,,,,,,,,,,,,,,,,,,,,,,,,,,,,,,,,,,,,,,,,,,,,,,,,,,,,,,,,,,,,,,,,,,,,,,,,,,,,,,,,,,,,,,,,,,,,,,,,,,,,,002,001,2022-05-13_14h13.01.003,Trial_Exp,2022.1.2,59.98577102235553,
,,,,5,0,5,0,,,,,,,,,,,,,,,,,,,,,,,,,,,,,,,,,,,,,,,,,,,,,,,,,,,,,,,,,,,,,,,,,,,,,,,,,,,,,,,,,,,,,,,304.1371252480021,None,304.1394881634915,None,306.3830227270082,None,306.39252256942564,None,310.3883498760115,None,310.3957518914249,None,314.145645623008,None,lshift,1,2.433381509006722,314.145645623008,None,314.1456683779106,None,316.83741141099017,None,316.84528666740516,None,,,,,,,,,,,,,,,,,,,,,,,,,,,,,,,,,,,,,,,,,,,,,,,,,,,,,,,,,,,,,,,,,,,,,,,,,,,,,,,,,,,,,,,,,,,,,,,,,,,,,,,,,,,,,,002,001,2022-05-13_14h13.01.003,Trial_Exp,2022.1.2,59.98577102235553,
,,,,6,0,6,0,,,,,,,,,,,,,,,,,,,,,,,,,,,,,,,,,,,,,,,,,,,,,,,,,,,,,,,,,,,,,,,,,,,,,,,,,,,,,,,,,,,,,,,328.0939514049969,None,328.09585529146716,None,332.3412034520006,None,332.35032307042275,None,336.3440671119897,None,336.35093282340677,None,340.10297238398925,None,rshift,1,0.30805441399570554,340.10297238398925,None,340.10311713091505,None,340.6778033100127,None,340.685612598405,None,,,,,,,,,,,,,,,,,,,,,,,,,,,,,,,,,,,,,,,,,,,,,,,,,,,,,,,,,,,,,,,,,,,,,,,,,,,,,,,,,,,,,,,,,,,,,,,,,,,,,,,,,,,,,,002,001,2022-05-13_14h13.01.003,Trial_Exp,2022.1.2,59.98577102235553,
,,,,7,0,7,0,,,,,,,,,,,,,,,,,,,,,,,,,,,,,,,,,,,,,,,,,,,,,,,,,,,,,,,,,,,,,,,,,,,,,,,,,,,,,,,,,,,,,,,350.9363720139954,None,350.93524202748085,None,354.18327914900146,None,354.1925712964148,None,358.2013902380131,None,358.2081469184195,None,361.9596538009937,None,lshift,1,1.681383415008895,361.9596538009937,None,361.95989658391045,None,363.900955345016,None,363.9093850804202,None,,,,,,,,,,,,,,,,,,,,,,,,,,,,,,,,,,,,,,,,,,,,,,,,,,,,,,,,,,,,,,,,,,,,,,,,,,,,,,,,,,,,,,,,,,,,,,,,,,,,,,,,,,,,,,002,001,2022-05-13_14h13.01.003,Trial_Exp,2022.1.2,59.98577102235553,
,,,,8,0,8,0,,,,,,,,,,,,,,,,,,,,,,,,,,,,,,,,,,,,,,,,,,,,,,,,,,,,,,,,,,,,,,,,,,,,,,,,,,,,,,,,,,,,,,,374.15752404599334,None,374.15889340947615,None,380.40377038001316,None,380.4136824324087,None,384.40589293299126,None,384.4150976744131,None,388.1673130330164,None,rshift,1,0.4727138140005991,388.1673130330164,None,388.1671115798963,None,388.9105080210138,None,388.9163734164322,None,,,,,,,,,,,,,,,,,,,,,,,,,,,,,,,,,,,,,,,,,,,,,,,,,,,,,,,,,,,,,,,,,,,,,,,,,,,,,,,,,,,,,,,,,,,,,,,,,,,,,,,,,,,,,,002,001,2022-05-13_14h13.01.003,Trial_Exp,2022.1.2,59.98577102235553,
,,,,9,0,9,0,,,,,,,,,,,,,,,,,,,,,,,,,,,,,,,,,,,,,,,,,,,,,,,,,,,,,,,,,,,,,,,,,,,,,,,,,,,,,,,,,,,,,,,399.16633453799295,None,399.16618796347757,None,401.4114610539982,None,401.41966004742426,None,405.41393181699095,None,405.4208994824148,None,409.1729767099896,None,lshift,1,0.4830619379936252,409.1729767099896,None,409.1729563689005,None,409.91378563299077,None,409.9222594134044,None,,,,,,,,,,,,,,,,,,,,,,,,,,,,,,,,,,,,,,,,,,,,,,,,,,,,,,,,,,,,,,,,,,,,,,,,,,,,,,,,,,,,,,,,,,,,,,,,,,,,,,,,,,,,,,002,001,2022-05-13_14h13.01.003,Trial_Exp,2022.1.2,59.98577102235553,
,,,,10,0,10,0,,,,,,,,,,,,,,,,,,,,,,,,,,,,,,,,,,,,,,,,,,,,,,,,,,,,,,,,,,,,,,,,,,,,,,,,,,,,,,,,,,,,,,,417.17190514699905,None,417.1717850084824,None,421.4211154030054,None,421.4258593234117,None,425.4187996140099,None,425.42655646940693,None,429.1787307100021,None,rshift,1,0.6252987099869642,429.1787307100021,None,429.1791075758956,None,430.06963902601274,None,430.07797853142256,None,,,,,,,,,,,,,,,,,,,,,,,,,,,,,,,,,,,,,,,,,,,,,,,,,,,,,,,,,,,,,,,,,,,,,,,,,,,,,,,,,,,,,,,,,,,,,,,,,,,,,,,,,,,,,,002,001,2022-05-13_14h13.01.003,Trial_Exp,2022.1.2,59.98577102235553,
,,,,,,,,,,,,,,,,,,,,,,,,,,,,,,,,,,,,,,,,,,,,,,,,,,,,,,,,,,,,,,,,,,,,,,,,,,,,,,,,,,,,,,,,,,,,,,,,,,,,,,,,,,,,,,,,,,,,,,,439.5730496569886,None,space,0,9.460979547002353,439.5730496569886,None,,,,,,,,,,,,,,,,,,,,,,,,,,,,,,,,,,,,,,,,,,,,,,,,,,,,,,,,,,,,,,,,,,,,,,,,,,,,,,,,,,,,,,,,,,,,,,,,,,,,,,,002,001,2022-05-13_14h13.01.003,Trial_Exp,2022.1.2,59.98577102235553,
,,,,,,,,0,0,0,0,,,,,,,,,,,,,,,,,,,,,,,,,,,,,,,,,,,,,,,,,,,,,,,,,,,,,,,,,,,,,,,,,,,,,,,,,,,,,,,,,449.05125247099204,None,,,,,,,,,,,,,,,,,,,,,,,,,,,,,,,,,455.5445266349998,None,455.5481049439841,None,459.5446143989975,None,459.55094306696265,None,463.5447438709962,None,463.55224019997695,None,467.54538407101063,None,rshift,1,0.38664207799592987,467.54538407101063,None,467.5526562479645,None,468.9520589020103,None,468.9570522459544,None,,,,,,,,,,,,,,,,,,,,,,,,,,,,,,,,,,,,,,,,,,,,,,,,,,,,,,,,,,,,,,,,,,,,,,,,,,,,,,002,001,2022-05-13_14h13.01.003,Trial_Exp,2022.1.2,59.98577102235553,
,,,,,,,,1,0,1,0,,,,,,,,,,,,,,,,,,,,,,,,,,,,,,,,,,,,,,,,,,,,,,,,,,,,,,,,,,,,,,,,,,,,,,,,,,,,,,,,,,,,,,,,,,,,,,,,,,,,,,,,,,,,,,,,,,,478.95730862999335,None,478.953860713038,None,483.9508135220094,None,483.9579968229664,None,487.95364759198856,None,487.9594122629642,None,491.9534120380122,None,lshift,1,0.6616296530119143,491.9534120380122,None,491.95994695396803,None,493.64071398199303,None,493.6443465649645,None,,,,,,,,,,,,,,,,,,,,,,,,,,,,,,,,,,,,,,,,,,,,,,,,,,,,,,,,,,,,,,,,,,,,,,,,,,,,,,002,001,2022-05-13_14h13.01.003,Trial_Exp,2022.1.2,59.98577102235553,
,,,,,,,,2,0,2,0,,,,,,,,,,,,,,,,,,,,,,,,,,,,,,,,,,,,,,,,,,,,,,,,,,,,,,,,,,,,,,,,,,,,,,,,,,,,,,,,,,,,,,,,,,,,,,,,,,,,,,,,,,,,,,,,,,,504.64187555998797,None,504.6440133690339,None,508.6422875270073,None,508.6484098739602,None,512.6415106130007,None,512.6491039369575,None,516.6435598979879,None,lshift,1,0.24147822501254268,516.6435598979879,None,516.6504020699504,None,517.9004818829999,None,517.9064662329765,None,,,,,,,,,,,,,,,,,,,,,,,,,,,,,,,,,,,,,,,,,,,,,,,,,,,,,,,,,,,,,,,,,,,,,,,,,,,,,,002,001,2022-05-13_14h13.01.003,Trial_Exp,2022.1.2,59.98577102235553,
,,,,,,,,3,0,3,0,,,,,,,,,,,,,,,,,,,,,,,,,,,,,,,,,,,,,,,,,,,,,,,,,,,,,,,,,,,,,,,,,,,,,,,,,,,,,,,,,,,,,,,,,,,,,,,,,,,,,,,,,,,,,,,,,,,527.899761128996,None,527.8993741710292,None,534.899683399999,None,534.9066959439515,None,538.9178069450136,None,538.9236556089745,None,542.9012660930166,None,lshift,1,0.39875636700890027,542.9012660930166,None,542.9087640429643,None,544.31945884999,None,544.3253253459552,None,,,,,,,,,,,,,,,,,,,,,,,,,,,,,,,,,,,,,,,,,,,,,,,,,,,,,,,,,,,,,,,,,,,,,,,,,,,,,,002,001,2022-05-13_14h13.01.003,Trial_Exp,2022.1.2,59.98577102235553,
,,,,,,,,4,0,4,0,,,,,,,,,,,,,,,,,,,,,,,,,,,,,,,,,,,,,,,,,,,,,,,,,,,,,,,,,,,,,,,,,,,,,,,,,,,,,,,,,,,,,,,,,,,,,,,,,,,,,,,,,,,,,,,,,,,555.3279701890133,None,555.3252307470102,None,560.322851984005,None,560.3300184029649,None,564.3234582800069,None,564.3311922859721,None,568.326776803995,None,lshift,1,0.28424506000010297,568.326776803995,None,568.3323942969582,None,569.6277112170064,None,569.632620232951,None,,,,,,,,,,,,,,,,,,,,,,,,,,,,,,,,,,,,,,,,,,,,,,,,,,,,,,,,,,,,,,,,,,,,,,,,,,,,,,002,001,2022-05-13_14h13.01.003,Trial_Exp,2022.1.2,59.98577102235553,
,,,,,,,,5,0,5,0,,,,,,,,,,,,,,,,,,,,,,,,,,,,,,,,,,,,,,,,,,,,,,,,,,,,,,,,,,,,,,,,,,,,,,,,,,,,,,,,,,,,,,,,,,,,,,,,,,,,,,,,,,,,,,,,,,,577.6442362199887,None,577.6472437029297,None,584.6467495909892,None,584.6537792629533,None,588.6510151580151,None,588.6568401219702,None,592.6493629300094,None,rshift,1,0.4616671059920918,592.6493629300094,None,592.6566283449501,None,594.1342954320135,None,594.1400322139525,None,,,,,,,,,,,,,,,,,,,,,,,,,,,,,,,,,,,,,,,,,,,,,,,,,,,,,,,,,,,,,,,,,,,,,,,,,,,,,,002,001,2022-05-13_14h13.01.003,Trial_Exp,2022.1.2,59.98577102235553,
,,,,,,,,6,0,6,0,,,,,,,,,,,,,,,,,,,,,,,,,,,,,,,,,,,,,,,,,,,,,,,,,,,,,,,,,,,,,,,,,,,,,,,,,,,,,,,,,,,,,,,,,,,,,,,,,,,,,,,,,,,,,,,,,,,604.1489021349989,None,604.1560030969267,None,609.1532404650061,None,609.1607561899727,None,613.1557028600073,None,613.16210021796,None,617.1559026220057,None,lshift,1,0.3581181690096855,617.1559026220057,None,617.1635285799712,None,618.5245033740066,None,618.5309405919543,None,,,,,,,,,,,,,,,,,,,,,,,,,,,,,,,,,,,,,,,,,,,,,,,,,,,,,,,,,,,,,,,,,,,,,,,,,,,,,,002,001,2022-05-13_14h13.01.003,Trial_Exp,2022.1.2,59.98577102235553,
,,,,,,,,7,0,7,0,,,,,,,,,,,,,,,,,,,,,,,,,,,,,,,,,,,,,,,,,,,,,,,,,,,,,,,,,,,,,,,,,,,,,,,,,,,,,,,,,,,,,,,,,,,,,,,,,,,,,,,,,,,,,,,,,,,630.5389262730023,None,630.5468109199137,None,636.5441722650139,None,636.5515407179628,None,640.5475006230117,None,640.5528211869678,None,644.5487096130091,None,rshift,1,0.3933080160059035,644.5487096130091,None,644.555808022953,None,645.9501133449958,None,645.9557893549645,None,,,,,,,,,,,,,,,,,,,,,,,,,,,,,,,,,,,,,,,,,,,,,,,,,,,,,,,,,,,,,,,,,,,,,,,,,,,,,,002,001,2022-05-13_14h13.01.003,Trial_Exp,2022.1.2,59.98577102235553,
,,,,,,,,8,0,8,0,,,,,,,,,,,,,,,,,,,,,,,,,,,,,,,,,,,,,,,,,,,,,,,,,,,,,,,,,,,,,,,,,,,,,,,,,,,,,,,,,,,,,,,,,,,,,,,,,,,,,,,,,,,,,,,,,,,656.963091187994,None,656.9706583699153,None,662.9528764139977,None,662.9598031429778,None,666.9538726290048,None,666.9605141559587,None,670.9539991779893,None,rshift,1,0.2870266539976001,670.9539991779893,None,670.9615311179514,None,672.2562689039914,None,672.2620009269594,None,,,,,,,,,,,,,,,,,,,,,,,,,,,,,,,,,,,,,,,,,,,,,,,,,,,,,,,,,,,,,,,,,,,,,,,,,,,,,,002,001,2022-05-13_14h13.01.003,Trial_Exp,2022.1.2,59.98577102235553,
,,,,,,,,9,0,9,0,,,,,,,,,,,,,,,,,,,,,,,,,,,,,,,,,,,,,,,,,,,,,,,,,,,,,,,,,,,,,,,,,,,,,,,,,,,,,,,,,,,,,,,,,,,,,,,,,,,,,,,,,,,,,,,,,,,683.263658337004,None,683.2615458490181,None,689.2612847750133,None,689.2670375509624,None,693.2629609740106,None,693.2683156659623,None,697.2613829800102,None,rshift,1,0.6066385069862008,697.2613829800102,None,697.2688896519685,None,698.8818484760122,None,698.8865046949504,None,,,,,,,,,,,,,,,,,,,,,,,,,,,,,,,,,,,,,,,,,,,,,,,,,,,,,,,,,,,,,,,,,,,,,,,,,,,,,,002,001,2022-05-13_14h13.01.003,Trial_Exp,2022.1.2,59.98577102235553,
,,,,,,,,10,0,10,0,,,,,,,,,,,,,,,,,,,,,,,,,,,,,,,,,,,,,,,,,,,,,,,,,,,,,,,,,,,,,,,,,,,,,,,,,,,,,,,,,,,,,,,,,,,,,,,,,,,,,,,,,,,,,,,,,,,706.8849519650103,None,706.8863341360266,None,712.8830610330042,None,712.8906662409572,None,716.8854334370117,None,716.8915993359551,None,720.8853316970053,None,rshift,1,0.5956955460133031,720.8853316970053,None,720.8924190649559,None,722.5053310730145,None,722.5096066909755,None,,,,,,,,,,,,,,,,,,,,,,,,,,,,,,,,,,,,,,,,,,,,,,,,,,,,,,,,,,,,,,,,,,,,,,,,,,,,,,002,001,2022-05-13_14h13.01.003,Trial_Exp,2022.1.2,59.98577102235553,
,,,,,,,,,,,,,,,,,,,,,,,,,,,,,,,,,,,,,,,,,,,,,,,,,,,,,,,,,,,,,,,,,,,,,,,,,,,,,,,,,,,,,,,,,,,,,,,,,,,,,,,,,,,,,,,,,,,,,,,732.0184915669961,None,space,0,23.153531215997646,732.0184915669961,None,,,,,,,,,,,,,,,,,,,,,,,,,,,,,,,,,,,,,,,,,,,,,,,,,,,,,,,,,,,,,,,,,,,,,,,,,,,,,,,,,,,,,,,,,,,,,,,,,,,,,,,002,001,2022-05-13_14h13.01.003,Trial_Exp,2022.1.2,59.98577102235553,
,,,,,,,,,,,,0,0,0,0,,,,,,,,,,,,,,,,,,,,,,,,,,,,,,,,,,,,,,,,,,,,,,,,,,,,,,,,,,,,,,,,,,,,,,,,,,,,,755.18917817701,None,,,,,,,,,,,,,,,,,,,,,,,,,,,,,,,,,,,,,,,,,,,,,,,,,,,,,,,,,,761.6868040339905,None,761.6858988120075,None,764.6831382199889,None,764.6900802449527,None,768.699743581994,None,768.7068292409676,None,772.7001691579935,None,rshift,1,0.42486064601689577,772.7001691579935,None,772.7070330539573,None,774.1424501159927,None,774.1468905949587,None,,,,,,,,,,,,,,,,,,,,,,,,,,,,,,,,,,,,,,,,,,,,,,,,,,,,,002,001,2022-05-13_14h13.01.003,Trial_Exp,2022.1.2,59.98577102235553,
,,,,,,,,,,,,1,0,1,0,,,,,,,,,,,,,,,,,,,,,,,,,,,,,,,,,,,,,,,,,,,,,,,,,,,,,,,,,,,,,,,,,,,,,,,,,,,,,,,,,,,,,,,,,,,,,,,,,,,,,,,,,,,,,,,,,,,,,,,,,,,,,,,,,,,,,,,,784.1400821309944,None,784.1411934320204,None,789.1384797049977,None,789.1459115079633,None,793.1435758470034,None,793.147075634959,None,797.1402841139934,None,rshift,1,0.33974629000294954,797.1402841139934,None,797.1477460269671,None,798.4945114880102,None,798.4986431809521,None,,,,,,,,,,,,,,,,,,,,,,,,,,,,,,,,,,,,,,,,,,,,,,,,,,,,,002,001,2022-05-13_14h13.01.003,Trial_Exp,2022.1.2,59.98577102235553,
,,,,,,,,,,,,2,0,2,0,,,,,,,,,,,,,,,,,,,,,,,,,,,,,,,,,,,,,,,,,,,,,,,,,,,,,,,,,,,,,,,,,,,,,,,,,,,,,,,,,,,,,,,,,,,,,,,,,,,,,,,,,,,,,,,,,,,,,,,,,,,,,,,,,,,,,,,,809.5002031619952,None,809.4985080330371,None,812.4944867670129,None,812.501941444978,None,816.4954831030045,None,816.5033238239557,None,820.4995199069963,None,lshift,1,0.2795023570070043,820.4995199069963,None,820.5061595609732,None,821.8014175030112,None,821.8070159249619,None,,,,,,,,,,,,,,,,,,,,,,,,,,,,,,,,,,,,,,,,,,,,,,,,,,,,,002,001,2022-05-13_14h13.01.003,Trial_Exp,2022.1.2,59.98577102235553,
,,,,,,,,,,,,3,0,3,0,,,,,,,,,,,,,,,,,,,,,,,,,,,,,,,,,,,,,,,,,,,,,,,,,,,,,,,,,,,,,,,,,,,,,,,,,,,,,,,,,,,,,,,,,,,,,,,,,,,,,,,,,,,,,,,,,,,,,,,,,,,,,,,,,,,,,,,,831.8110965469969,None,831.8208292069321,None,837.8010212809895,None,837.8083184849675,None,841.8049388719955,None,841.8106644829531,None,845.8053727940132,None,lshift,1,0.45364887700998224,845.8053727940132,None,845.8119829129573,None,847.2732941980066,None,847.2788854329701,None,,,,,,,,,,,,,,,,,,,,,,,,,,,,,,,,,,,,,,,,,,,,,,,,,,,,,002,001,2022-05-13_14h13.01.003,Trial_Exp,2022.1.2,59.98577102235553,
,,,,,,,,,,,,4,0,4,0,,,,,,,,,,,,,,,,,,,,,,,,,,,,,,,,,,,,,,,,,,,,,,,,,,,,,,,,,,,,,,,,,,,,,,,,,,,,,,,,,,,,,,,,,,,,,,,,,,,,,,,,,,,,,,,,,,,,,,,,,,,,,,,,,,,,,,,,858.2809719989891,None,858.2779582600197,None,864.2776971989952,None,864.2840305419668,None,868.2809978720034,None,868.287266854968,None,872.2780980519892,None,rshift,1,0.38392933501745574,872.2780980519892,None,872.2858563859627,None,873.6813913630031,None,873.6867359549651,None,,,,,,,,,,,,,,,,,,,,,,,,,,,,,,,,,,,,,,,,,,,,,,,,,,,,,002,001,2022-05-13_14h13.01.003,Trial_Exp,2022.1.2,59.98577102235553,
,,,,,,,,,,,,5,0,5,0,,,,,,,,,,,,,,,,,,,,,,,,,,,,,,,,,,,,,,,,,,,,,,,,,,,,,,,,,,,,,,,,,,,,,,,,,,,,,,,,,,,,,,,,,,,,,,,,,,,,,,,,,,,,,,,,,,,,,,,,,,,,,,,,,,,,,,,,881.6908489179914,None,881.6870455750177,None,885.6829113909916,None,885.6902414619544,None,889.6858739000163,None,889.6914922839642,None,893.6869211280136,None,lshift,1,0.2871150670107454,893.6869211280136,None,893.6924624629755,None,894.9877042660082,None,894.992878976962,None,,,,,,,,,,,,,,,,,,,,,,,,,,,,,,,,,,,,,,,,,,,,,,,,,,,,,002,001,2022-05-13_14h13.01.003,Trial_Exp,2022.1.2,59.98577102235553,
,,,,,,,,,,,,6,0,6,0,,,,,,,,,,,,,,,,,,,,,,,,,,,,,,,,,,,,,,,,,,,,,,,,,,,,,,,,,,,,,,,,,,,,,,,,,,,,,,,,,,,,,,,,,,,,,,,,,,,,,,,,,,,,,,,,,,,,,,,,,,,,,,,,,,,,,,,,905.9952549110167,None,905.9926595300349,None,908.9900502809905,None,908.996959809956,None,912.9915668689937,None,912.9982775579701,None,916.9953918090032,None,rshift,1,0.34464726599981077,916.9953918090032,None,916.998816089952,None,918.360982053011,None,918.3664374919754,None,,,,,,,,,,,,,,,,,,,,,,,,,,,,,,,,,,,,,,,,,,,,,,,,,,,,,002,001,2022-05-13_14h13.01.003,Trial_Exp,2022.1.2,59.98577102235553,
,,,,,,,,,,,,7,0,7,0,,,,,,,,,,,,,,,,,,,,,,,,,,,,,,,,,,,,,,,,,,,,,,,,,,,,,,,,,,,,,,,,,,,,,,,,,,,,,,,,,,,,,,,,,,,,,,,,,,,,,,,,,,,,,,,,,,,,,,,,,,,,,,,,,,,,,,,,930.3740638899908,None,930.3828734899289,None,936.363728981989,None,936.3712574569654,None,940.3670450130012,None,940.3727652819507,None,944.3663031460019,None,lshift,1,0.4247237200033851,944.3663031460019,None,944.3736010659632,None,945.8020994249964,None,945.8069820919627,None,,,,,,,,,,,,,,,,,,,,,,,,,,,,,,,,,,,,,,,,,,,,,,,,,,,,,002,001,2022-05-13_14h13.01.003,Trial_Exp,2022.1.2,59.98577102235553,
,,,,,,,,,,,,8,0,8,0,,,,,,,,,,,,,,,,,,,,,,,,,,,,,,,,,,,,,,,,,,,,,,,,,,,,,,,,,,,,,,,,,,,,,,,,,,,,,,,,,,,,,,,,,,,,,,,,,,,,,,,,,,,,,,,,,,,,,,,,,,,,,,,,,,,,,,,,955.8080035390158,None,955.8083128410362,None,960.8044422870153,None,960.81156181595,None,964.8053584629961,None,964.8129858879693,None,968.8076294139901,None,rshift,1,0.2234055340231862,968.8076294139901,None,968.8143355749635,None,970.043481235014,None,970.0477453189524,None,,,,,,,,,,,,,,,,,,,,,,,,,,,,,,,,,,,,,,,,,,,,,,,,,,,,,002,001,2022-05-13_14h13.01.003,Trial_Exp,2022.1.2,59.98577102235553,
,,,,,,,,,,,,9,0,9,0,,,,,,,,,,,,,,,,,,,,,,,,,,,,,,,,,,,,,,,,,,,,,,,,,,,,,,,,,,,,,,,,,,,,,,,,,,,,,,,,,,,,,,,,,,,,,,,,,,,,,,,,,,,,,,,,,,,,,,,,,,,,,,,,,,,,,,,,981.0470783700002,None,981.0475323490246,None,984.0447077430144,None,984.0518168579583,None,988.0463890370156,None,988.0530230649601,None,992.0459633709979,None,lshift,1,0.31908626001677476,992.0459633709979,None,992.0536786789744,None,993.3838953140075,None,993.3899338289775,None,,,,,,,,,,,,,,,,,,,,,,,,,,,,,,,,,,,,,,,,,,,,,,,,,,,,,002,001,2022-05-13_14h13.01.003,Trial_Exp,2022.1.2,59.98577102235553,
,,,,,,,,,,,,10,0,10,0,,,,,,,,,,,,,,,,,,,,,,,,,,,,,,,,,,,,,,,,,,,,,,,,,,,,,,,,,,,,,,,,,,,,,,,,,,,,,,,,,,,,,,,,,,,,,,,,,,,,,,,,,,,,,,,,,,,,,,,,,,,,,,,,,,,,,,,,1002.3898494830064,None,1002.3870764080348,None,1005.38361200699,None,1005.3909056339617,None,1009.3901767950156,None,1009.3922975269525,None,1013.3867529520066,None,rshift,1,0.2862778340058867,1013.3867529520066,None,1013.3936466039595,None,1014.6882790059899,None,1014.6939884239546,None,,,,,,,,,,,,,,,,,,,,,,,,,,,,,,,,,,,,,,,,,,,,,,,,,,,,,002,001,2022-05-13_14h13.01.003,Trial_Exp,2022.1.2,59.98577102235553,
,,,,,,,,,,,,,,,,,,,,,,,,,,,,,,,,,,,,,,,,,,,,,,,,,,,,,,,,,,,,,,,,,,,,,,,,,,,,,,,,,,,,,,,,,,,,,,,,,,,,,,,,,,,,,,,,,,,,,,,1022.1901146520104,None,space,0,15.261914606991922,1022.1901146520104,None,,,,,,,,,,,,,,,,,,,,,,,,,,,,,,,,,,,,,,,,,,,,,,,,,,,,,,,,,,,,,,,,,,,,,,,,,,,,,,,,,,,,,,,,,,,,,,,,,,,,,,,002,001,2022-05-13_14h13.01.003,Trial_Exp,2022.1.2,59.98577102235553,
,,,,,,,,,,,,,,,,0,0,0,0,,,,,,,,,,,,,,,,,,,,,,,,,,,,,,,,,,,,,,,,,,,,,,,,,,,,,,,,,,,,,,,,,,,,,,,,,1037.4707817140152,None,,,,,,,,,,,,,,,,,,,,,,,,,,,,,,,,,,,,,,,,,,,,,,,,,,,,,,,,,,,,,,,,,,,,,,,,,,,,,,,,,,,1043.9630973240128,None,1043.96746122498,None,1050.9639525430102,None,1050.970777912953,None,1054.9688631299941,None,1054.9735854619503,None,1058.9733967659558,None,1058.9667168110027,None,lshift,1,0.3773057739890646,1058.9667168110027,None,1060.3681087270088,None,1060.373438161958,1061.3767693180125,,,,,,,,,,,,,,,,,,,,,,,,,,,,002,001,2022-05-13_14h13.01.003,Trial_Exp,2022.1.2,59.98577102235553,
,,,,,,,,,,,,,,,,1,0,1,0,,,,,,,,,,,,,,,,,,,,,,,,,,,,,,,,,,,,,,,,,,,,,,,,,,,,,,,,,,,,,,,,,,,,,,,,,,,,,,,,,,,,,,,,,,,,,,,,,,,,,,,,,,,,,,,,,,,,,,,,,,,,,,,,,,,,,,,,,,,,,,,,,,,,,,,,,,,,,1070.373257963016,None,1070.3733285050112,None,1077.3707510230015,None,1077.3783971509692,None,1081.372014182998,None,1081.3794193819776,None,1085.3807538299734,None,1085.373524169001,None,lshift,1,0.5535052510094829,1085.373524169001,None,1086.9412720300024,None,1086.9475696529698,1087.9519421250152,,,,,,,,,,,,,,,,,,,,,,,,,,,,002,001,2022-05-13_14h13.01.003,Trial_Exp,2022.1.2,59.98577102235553,
,,,,,,,,,,,,,,,,2,0,2,0,,,,,,,,,,,,,,,,,,,,,,,,,,,,,,,,,,,,,,,,,,,,,,,,,,,,,,,,,,,,,,,,,,,,,,,,,,,,,,,,,,,,,,,,,,,,,,,,,,,,,,,,,,,,,,,,,,,,,,,,,,,,,,,,,,,,,,,,,,,,,,,,,,,,,,,,,,,,,1098.9525432730152,None,1098.9484470620373,None,1104.9473032699898,None,1104.9530152489751,None,1108.9498632549949,None,1108.9558611519606,None,1112.9568964089704,None,1112.9494097009883,None,rshift,1,0.3636196169827599,1112.9494097009883,None,1114.3367874140095,None,1114.3401045429491,1115.343323005014,,,,,,,,,,,,,,,,,,,,,,,,,,,,002,001,2022-05-13_14h13.01.003,Trial_Exp,2022.1.2,59.98577102235553,
,,,,,,,,,,,,,,,,3,0,3,0,,,,,,,,,,,,,,,,,,,,,,,,,,,,,,,,,,,,,,,,,,,,,,,,,,,,,,,,,,,,,,,,,,,,,,,,,,,,,,,,,,,,,,,,,,,,,,,,,,,,,,,,,,,,,,,,,,,,,,,,,,,,,,,,,,,,,,,,,,,,,,,,,,,,,,,,,,,,,1125.344504970999,None,1125.3389982640365,None,1128.3359552620095,None,1128.3434677319747,None,1132.3378011590103,None,1132.3442269809748,None,1136.3452631369728,None,1136.3383485570084,None,lshift,1,0.4136702239920851,1136.3383485570084,None,1137.7730887950165,None,1137.778752855971,1138.7829642819997,,,,,,,,,,,,,,,,,,,,,,,,,,,,002,001,2022-05-13_14h13.01.003,Trial_Exp,2022.1.2,59.98577102235553,
,,,,,,,,,,,,,,,,4,0,4,0,,,,,,,,,,,,,,,,,,,,,,,,,,,,,,,,,,,,,,,,,,,,,,,,,,,,,,,,,,,,,,,,,,,,,,,,,,,,,,,,,,,,,,,,,,,,,,,,,,,,,,,,,,,,,,,,,,,,,,,,,,,,,,,,,,,,,,,,,,,,,,,,,,,,,,,,,,,,,1145.779935972998,None,1145.7782989930274,None,1150.7768487840076,None,1150.7827879579709,None,1154.7782446419878,None,1154.784108561973,None,1158.7855470039503,None,1158.7781637890148,None,rshift,1,0.2588627969962545,1158.7781637890148,None,1160.0460493779974,None,1160.052174368975,1161.0555912159907,,,,,,,,,,,,,,,,,,,,,,,,,,,,002,001,2022-05-13_14h13.01.003,Trial_Exp,2022.1.2,59.98577102235553,
,,,,,,,,,,,,,,,,5,0,5,0,,,,,,,,,,,,,,,,,,,,,,,,,,,,,,,,,,,,,,,,,,,,,,,,,,,,,,,,,,,,,,,,,,,,,,,,,,,,,,,,,,,,,,,,,,,,,,,,,,,,,,,,,,,,,,,,,,,,,,,,,,,,,,,,,,,,,,,,,,,,,,,,,,,,,,,,,,,,,1169.0518117969914,None,1169.0538251130347,None,1173.0494251179916,None,1173.0568855809543,None,1177.0510153009964,None,1177.0574315929698,None,1181.05815255396,None,1181.0504706499923,None,lshift,1,0.2555677999916952,1181.0504706499923,None,1182.3198711540026,None,1182.325061572963,1183.3290150389948,,,,,,,,,,,,,,,,,,,,,,,,,,,,002,001,2022-05-13_14h13.01.003,Trial_Exp,2022.1.2,59.98577102235553,
,,,,,,,,,,,,,,,,6,0,6,0,,,,,,,,,,,,,,,,,,,,,,,,,,,,,,,,,,,,,,,,,,,,,,,,,,,,,,,,,,,,,,,,,,,,,,,,,,,,,,,,,,,,,,,,,,,,,,,,,,,,,,,,,,,,,,,,,,,,,,,,,,,,,,,,,,,,,,,,,,,,,,,,,,,,,,,,,,,,,1192.3285536199983,None,1192.3247403380374,None,1197.3222724639927,None,1197.3293454469676,None,1201.3247559209995,None,1201.3306170919532,None,1205.3319732479722,None,1205.3249530289904,None,rshift,1,0.3280678729934152,1205.3249530289904,None,1206.6765999589988,None,1206.6821165959554,1207.6863609880093,,,,,,,,,,,,,,,,,,,,,,,,,,,,002,001,2022-05-13_14h13.01.003,Trial_Exp,2022.1.2,59.98577102235553,
,,,,,,,,,,,,,,,,7,0,7,0,,,,,,,,,,,,,,,,,,,,,,,,,,,,,,,,,,,,,,,,,,,,,,,,,,,,,,,,,,,,,,,,,,,,,,,,,,,,,,,,,,,,,,,,,,,,,,,,,,,,,,,,,,,,,,,,,,,,,,,,,,,,,,,,,,,,,,,,,,,,,,,,,,,,,,,,,,,,,1218.6698146190029,None,1218.6703620340122,None,1224.6669656980084,None,1224.6727974429523,None,1228.6670822039887,None,1228.673231292967,None,1232.6734932739491,None,1232.667285876989,None,lshift,0,0.3487458929885179,1232.667285876989,None,1234.0382818639919,None,1234.0406638469576,1235.0437543010048,,,,,,,,,,,,,,,,,,,,,,,,,,,,002,001,2022-05-13_14h13.01.003,Trial_Exp,2022.1.2,59.98577102235553,
,,,,,,,,,,,,,,,,8,0,8,0,,,,,,,,,,,,,,,,,,,,,,,,,,,,,,,,,,,,,,,,,,,,,,,,,,,,,,,,,,,,,,,,,,,,,,,,,,,,,,,,,,,,,,,,,,,,,,,,,,,,,,,,,,,,,,,,,,,,,,,,,,,,,,,,,,,,,,,,,,,,,,,,,,,,,,,,,,,,,1245.0448362840107,None,1245.0403626410261,None,1248.0385219210002,None,1248.0447462409647,None,1252.0559253240062,None,1252.0618595949636,None,1256.0463132959703,None,1256.0391098299879,None,lshift,1,0.7059286170115229,1256.0391098299879,None,1257.7604286540009,None,1257.763414674977,1258.767435730988,,,,,,,,,,,,,,,,,,,,,,,,,,,,002,001,2022-05-13_14h13.01.003,Trial_Exp,2022.1.2,59.98577102235553,
,,,,,,,,,,,,,,,,9,0,9,0,,,,,,,,,,,,,,,,,,,,,,,,,,,,,,,,,,,,,,,,,,,,,,,,,,,,,,,,,,,,,,,,,,,,,,,,,,,,,,,,,,,,,,,,,,,,,,,,,,,,,,,,,,,,,,,,,,,,,,,,,,,,,,,,,,,,,,,,,,,,,,,,,,,,,,,,,,,,,1265.7617132010055,None,1265.7627234500105,None,1269.7607453360106,None,1269.7672780989524,None,1273.7627894830075,None,1273.7684768539766,None,1277.769054511955,None,1277.761547032016,None,rshift,1,0.2714819269895088,1277.761547032016,None,1279.0515931569971,None,1279.0558698129753,1280.0566246770031,,,,,,,,,,,,,,,,,,,,,,,,,,,,002,001,2022-05-13_14h13.01.003,Trial_Exp,2022.1.2,59.98577102235553,
,,,,,,,,,,,,,,,,10,0,10,0,,,,,,,,,,,,,,,,,,,,,,,,,,,,,,,,,,,,,,,,,,,,,,,,,,,,,,,,,,,,,,,,,,,,,,,,,,,,,,,,,,,,,,,,,,,,,,,,,,,,,,,,,,,,,,,,,,,,,,,,,,,,,,,,,,,,,,,,,,,,,,,,,,,,,,,,,,,,,1288.0544463930128,None,1288.0538113050134,None,1292.05054513301,None,1292.0569804129627,None,1296.0520704849914,None,1296.0578821909585,None,1300.0592792889656,None,1300.0517023290158,None,rshift,1,0.44333099300274625,1300.0517023290158,None,1301.505717535998,None,1301.5094253249554,1302.5138592460135,,,,,,,,,,,,,,,,,,,,,,,,,,,,002,001,2022-05-13_14h13.01.003,Trial_Exp,2022.1.2,59.98577102235553,
,,,,,,,,,,,,,,,,,,,,,,,,,,,,,,,,,,,,,,,,,,,,,,,,,,,,,,,,,,,,,,,,,,,,,,,,,,,,,,,,,,,,,,,,,,,,,,,,,,,,,,,,,,,,,,,,,,,,,,,1308.0061240130162,None,space,0,17.229894653020892,1308.0061240130162,None,,,,,,,,,,,,,,,,,,,,,,,,,,,,,,,,,,,,,,,,,,,,,,,,,,,,,,,,,,,,,,,,,,,,,,,,,,,,,,,,,,,,,,,,,,,,,,,,,,,,,,,002,001,2022-05-13_14h13.01.003,Trial_Exp,2022.1.2,59.98577102235553,
,,,,,,,,,,,,,,,,,,,,0,0,0,0,,,,,,,,,,,,,,,,,,,,,,,,,,,,,,,,,,,,,,,,,,,,,,,,,,,,,,,,,,,,,,,,,,,,,1325.2532966120052,None,,,,,,,,,,,,,,,,,,,,,,,,,,,,,,,,,,,,,,,,,,,,,,,,,,,,,,,,,,,,,,,,,,,,,,,,,,,,,,,,,,,,,,,,,,,,,,,,,,,,,,,,,,,,1331.7473288750043,None,1331.7497974059806,None,1334.746772243001,None,1334.7526645819744,None,1338.7476163200045,None,1338.7537521059712,None,1342.7488921990152,None,1342.7558239369682,None,lshift,1,0.3090978099789936,1342.7488921990152,None,1344.0696916109882,None,1344.0734677889704,None,,,002,001,2022-05-13_14h13.01.003,Trial_Exp,2022.1.2,59.98577102235553,
,,,,,,,,,,,,,,,,,,,,1,0,1,0,,,,,,,,,,,,,,,,,,,,,,,,,,,,,,,,,,,,,,,,,,,,,,,,,,,,,,,,,,,,,,,,,,,,,,,,,,,,,,,,,,,,,,,,,,,,,,,,,,,,,,,,,,,,,,,,,,,,,,,,,,,,,,,,,,,,,,,,,,,,,,,,,,,,,,,,,,,,,,,,,,,,,,,,,,,,,,,,,,1352.078013084014,None,1352.0873277209175,None,1358.070237857988,None,1358.0763286599686,None,1362.0877218520036,None,1362.0934910969663,None,1366.070205875003,None,1366.0780031239701,None,lshift,1,0.32482391101075336,1366.070205875003,None,1367.4060211319884,None,1367.411575047954,None,,,002,001,2022-05-13_14h13.01.003,Trial_Exp,2022.1.2,59.98577102235553,
,,,,,,,,,,,,,,,,,,,,2,0,2,0,,,,,,,,,,,,,,,,,,,,,,,,,,,,,,,,,,,,,,,,,,,,,,,,,,,,,,,,,,,,,,,,,,,,,,,,,,,,,,,,,,,,,,,,,,,,,,,,,,,,,,,,,,,,,,,,,,,,,,,,,,,,,,,,,,,,,,,,,,,,,,,,,,,,,,,,,,,,,,,,,,,,,,,,,,,,,,,,,,1378.416095855995,None,1378.411363214036,None,1382.4103754970129,None,1382.4158539969503,None,1386.411255649,None,1386.4171607759636,None,1390.411916934012,None,1390.418405495977,None,lshift,1,0.3541072810185142,1390.411916934012,None,1391.7846257770143,None,1391.787551864967,None,,,002,001,2022-05-13_14h13.01.003,Trial_Exp,2022.1.2,59.98577102235553,
,,,,,,,,,,,,,,,,,,,,3,0,3,0,,,,,,,,,,,,,,,,,,,,,,,,,,,,,,,,,,,,,,,,,,,,,,,,,,,,,,,,,,,,,,,,,,,,,,,,,,,,,,,,,,,,,,,,,,,,,,,,,,,,,,,,,,,,,,,,,,,,,,,,,,,,,,,,,,,,,,,,,,,,,,,,,,,,,,,,,,,,,,,,,,,,,,,,,,,,,,,,,,1403.797130285995,None,1403.803885628935,None,1407.8006257950037,None,1407.807043453955,None,1411.8014724350069,None,1411.807687523964,None,1415.8055317729886,None,1415.8114742159523,None,rshift,1,0.37149540398968384,1415.8055317729886,None,1417.1883688539965,None,1417.1926394949696,None,,,002,001,2022-05-13_14h13.01.003,Trial_Exp,2022.1.2,59.98577102235553,
,,,,,,,,,,,,,,,,,,,,4,0,4,0,,,,,,,,,,,,,,,,,,,,,,,,,,,,,,,,,,,,,,,,,,,,,,,,,,,,,,,,,,,,,,,,,,,,,,,,,,,,,,,,,,,,,,,,,,,,,,,,,,,,,,,,,,,,,,,,,,,,,,,,,,,,,,,,,,,,,,,,,,,,,,,,,,,,,,,,,,,,,,,,,,,,,,,,,,,,,,,,,,1429.1950825410022,None,1429.1933968830126,None,1434.1916279830039,None,1434.1979643839732,None,1438.1943404430058,None,1438.199146703977,None,1442.1938322579954,None,1442.1997179019527,None,lshift,1,0.29919846801203676,1442.1938322579954,None,1443.5131239930051,None,1443.5172797969572,None,,,002,001,2022-05-13_14h13.01.003,Trial_Exp,2022.1.2,59.98577102235553,
,,,,,,,,,,,,,,,,,,,,5,0,5,0,,,,,,,,,,,,,,,,,,,,,,,,,,,,,,,,,,,,,,,,,,,,,,,,,,,,,,,,,,,,,,,,,,,,,,,,,,,,,,,,,,,,,,,,,,,,,,,,,,,,,,,,,,,,,,,,,,,,,,,,,,,,,,,,,,,,,,,,,,,,,,,,,,,,,,,,,,,,,,,,,,,,,,,,,,,,,,,,,,1454.5165333120094,None,1454.5171304280375,None,1459.516238323995,None,1459.523593062957,None,1463.5340543799975,None,1463.540361597974,None,1467.5329191260098,None,1467.5402359889558,None,rshift,1,0.394109500979539,1467.5329191260098,None,1468.9351213460031,None,1468.9411393039773,None,,,002,001,2022-05-13_14h13.01.003,Trial_Exp,2022.1.2,59.98577102235553,
,,,,,,,,,,,,,,,,,,,,6,0,6,0,,,,,,,,,,,,,,,,,,,,,,,,,,,,,,,,,,,,,,,,,,,,,,,,,,,,,,,,,,,,,,,,,,,,,,,,,,,,,,,,,,,,,,,,,,,,,,,,,,,,,,,,,,,,,,,,,,,,,,,,,,,,,,,,,,,,,,,,,,,,,,,,,,,,,,,,,,,,,,,,,,,,,,,,,,,,,,,,,,1477.9423131780059,None,1477.9400067670358,None,1481.9408931700164,None,1481.9444475529745,None,1485.9399802820117,None,1485.9460098729614,None,1489.9400788510102,None,1489.9472670539544,None,rshift,1,0.36594687501201406,1489.9400788510102,None,1491.3256035030063,None,1491.330598683955,None,,,002,001,2022-05-13_14h13.01.003,Trial_Exp,2022.1.2,59.98577102235553,
,,,,,,,,,,,,,,,,,,,,7,0,7,0,,,,,,,,,,,,,,,,,,,,,,,,,,,,,,,,,,,,,,,,,,,,,,,,,,,,,,,,,,,,,,,,,,,,,,,,,,,,,,,,,,,,,,,,,,,,,,,,,,,,,,,,,,,,,,,,,,,,,,,,,,,,,,,,,,,,,,,,,,,,,,,,,,,,,,,,,,,,,,,,,,,,,,,,,,,,,,,,,,1502.3320006059948,None,1502.332797126015,None,1505.3276193310157,None,1505.3349318929686,None,1509.329986642988,None,1509.3360446109582,None,1513.333093466994,None,1513.3390919329686,None,rshift,1,1.1929374760075007,1513.333093466994,None,1515.5502381540136,None,1515.5557764529512,None,,,002,001,2022-05-13_14h13.01.003,Trial_Exp,2022.1.2,59.98577102235553,
,,,,,,,,,,,,,,,,,,,,8,0,8,0,,,,,,,,,,,,,,,,,,,,,,,,,,,,,,,,,,,,,,,,,,,,,,,,,,,,,,,,,,,,,,,,,,,,,,,,,,,,,,,,,,,,,,,,,,,,,,,,,,,,,,,,,,,,,,,,,,,,,,,,,,,,,,,,,,,,,,,,,,,,,,,,,,,,,,,,,,,,,,,,,,,,,,,,,,,,,,,,,,1523.5615938479896,None,1523.5558758380212,None,1526.5664670559927,None,1526.5739299719717,None,1530.5695557910076,None,1530.5753714259627,None,1534.5689606369997,None,1534.5766276619543,None,rshift,1,0.2550641230191104,1534.5689606369997,None,1535.8376035600086,None,1535.843646795969,None,,,002,001,2022-05-13_14h13.01.003,Trial_Exp,2022.1.2,59.98577102235553,
,,,,,,,,,,,,,,,,,,,,9,0,9,0,,,,,,,,,,,,,,,,,,,,,,,,,,,,,,,,,,,,,,,,,,,,,,,,,,,,,,,,,,,,,,,,,,,,,,,,,,,,,,,,,,,,,,,,,,,,,,,,,,,,,,,,,,,,,,,,,,,,,,,,,,,,,,,,,,,,,,,,,,,,,,,,,,,,,,,,,,,,,,,,,,,,,,,,,,,,,,,,,,1543.8496146610123,None,1543.8586727379297,None,1549.8405820729968,None,1549.8476023199764,None,1553.8441907289962,None,1553.8490283609572,None,1557.8433754130092,None,1557.8495906849712,None,lshift,1,0.38164118700660765,1557.8433754130092,None,1559.244779998,None,1559.2504011329584,None,,,002,001,2022-05-13_14h13.01.003,Trial_Exp,2022.1.2,59.98577102235553,
,,,,,,,,,,,,,,,,,,,,10,0,10,0,,,,,,,,,,,,,,,,,,,,,,,,,,,,,,,,,,,,,,,,,,,,,,,,,,,,,,,,,,,,,,,,,,,,,,,,,,,,,,,,,,,,,,,,,,,,,,,,,,,,,,,,,,,,,,,,,,,,,,,,,,,,,,,,,,,,,,,,,,,,,,,,,,,,,,,,,,,,,,,,,,,,,,,,,,,,,,,,,,1568.2386477320106,None,1568.2380480910215,None,1571.2295281699917,None,1571.2367652419634,None,1575.2319260030054,None,1575.2395280179771,None,1579.2328043089947,None,1579.2403236369573,None,rshift,1,0.2602299779828172,1579.2328043089947,None,1580.5174549660005,None,1580.5235460579715,None,,,002,001,2022-05-13_14h13.01.003,Trial_Exp,2022.1.2,59.98577102235553,
,,,,,,,,,,,,,,,,,,,,,,,,,,,,,,,,,,,,,,,,,,,,,,,,,,,,,,,,,,,,,,,,,,,,,,,,,,,,,,,,,,,,,,,,,,,,,,,,,,,,,,,,,,,,,,,,,,,,,,,,,,,,,,,,,,,,,,,,,,,,,,,,,,,,,,,,,,,,,,,,,,,,,,,,,,,,,,,,,,,,,,,,,,,,,,,,,,,,,,,,,,,,,,,,,,,,,,,,,,,,,,,,,,1588.020102778013,None,,,,,,,
