﻿trials_6.thisRepN,trials_6.thisTrialN,trials_6.thisN,trials_6.thisIndex,trials.thisRepN,trials.thisTrialN,trials.thisN,trials.thisIndex,trials_2.thisRepN,trials_2.thisTrialN,trials_2.thisN,trials_2.thisIndex,trials_3.thisRepN,trials_3.thisTrialN,trials_3.thisN,trials_3.thisIndex,trials_4.thisRepN,trials_4.thisTrialN,trials_4.thisN,trials_4.thisIndex,trials_5.thisRepN,trials_5.thisTrialN,trials_5.thisN,trials_5.thisIndex,text_6.started,text_6.stopped,button_2.started,button_2.stopped,button_2.numClicks,button_2.timesOn,button_2.timesOff,key_resp_11.keys,key_resp_11.rt,key_resp_11.started,key_resp_11.stopped,text_8.started,text_8.stopped,text_4.started,text_4.stopped,button.started,button.stopped,button.numClicks,button.timesOn,button.timesOff,key_resp_12.keys,key_resp_12.rt,key_resp_12.started,key_resp_12.stopped,text_7.started,text_7.stopped,key_resp_8.keys,key_resp_8.rt,key_resp_8.started,key_resp_8.stopped,sound_31.started,sound_31.stopped,text_10.started,text_10.stopped,image.started,image.stopped,polygon_26.started,polygon_26.stopped,sound_26.started,sound_26.stopped,polygon_27.started,polygon_27.stopped,sound_27.started,sound_27.stopped,polygon_28.started,polygon_28.stopped,sound_28.started,sound_28.stopped,polygon_29.started,polygon_29.stopped,sound_29.started,sound_29.stopped,key_resp_10.keys,key_resp_10.corr,key_resp_10.rt,key_resp_10.started,key_resp_10.stopped,polygon_30.started,polygon_30.stopped,sound_30.started,sound_30.stopped,text.started,text.stopped,key_resp_2.keys,key_resp_2.corr,key_resp_2.rt,key_resp_2.started,key_resp_2.stopped,polygon_31.started,polygon_31.stopped,polygon.started,polygon.stopped,sound_1.started,sound_1.stopped,polygon_3.started,polygon_3.stopped,sound_2.started,sound_2.stopped,polygon_4.started,polygon_4.stopped,sound_3.started,sound_3.stopped,polygon_2.started,polygon_2.stopped,key_resp.keys,key_resp.corr,key_resp.rt,key_resp.started,key_resp.stopped,sound_4.started,sound_4.stopped,polygon_5.started,polygon_5.stopped,sound_5.started,sound_5.stopped,text_2.started,text_2.stopped,key_resp_3.keys,key_resp_3.corr,key_resp_3.rt,key_resp_3.started,key_resp_3.stopped,polygon_6.started,polygon_6.stopped,sound_6.started,sound_6.stopped,polygon_7.started,polygon_7.stopped,sound_7.started,sound_7.stopped,polygon_8.started,polygon_8.stopped,sound_8.started,sound_8.stopped,polygon_9.started,polygon_9.stopped,key_resp_4.keys,key_resp_4.corr,key_resp_4.rt,key_resp_4.started,key_resp_4.stopped,sound_9.started,sound_9.stopped,polygon_24.started,polygon_24.stopped,sound_24.started,sound_24.stopped,polygon_10.started,polygon_10.stopped,sound_10.started,sound_10.stopped,polygon_11.started,polygon_11.stopped,sound_11.started,sound_11.stopped,polygon_12.started,polygon_12.stopped,sound_12.started,sound_12.stopped,polygon_13.started,polygon_13.stopped,key_resp_5.keys,key_resp_5.corr,key_resp_5.rt,key_resp_5.started,key_resp_5.stopped,sound_13.started,sound_13.stopped,polygon_25.started,polygon_25.stopped,sound_25.started,sound_25.stopped,polygon_14.started,polygon_14.stopped,sound_14.started,sound_14.stopped,polygon_15.started,polygon_15.stopped,sound_15.started,sound_15.stopped,polygon_16.started,polygon_16.stopped,sound_16.started,sound_16.stopped,sound_17.started,sound_17.stopped,polygon_17.started,polygon_17.stopped,key_resp_6.keys,key_resp_6.corr,key_resp_6.rt,key_resp_6.started,key_resp_6.stopped,polygon_18.started,polygon_18.stopped,sound_18.started,sound_18.stopped,polygon_19.started,polygon_19.stopped,sound_19.started,sound_19.stopped,polygon_20.started,polygon_20.stopped,sound_20.started,sound_20.stopped,polygon_21.started,polygon_21.stopped,sound_21.started,sound_21.stopped,polygon_22.started,polygon_22.stopped,sound_22.started,sound_22.stopped,key_resp_7.keys,key_resp_7.corr,key_resp_7.rt,key_resp_7.started,key_resp_7.stopped,polygon_23.started,polygon_23.stopped,sound_23.started,sound_23.stopped,participant,session,date,expName,psychopyVersion,frameRate,
,,,,,,,,,,,,,,,,,,,,,,,,24.668231602991,None,24.668231602991,None,0,,,space,34.04474740498699,25.64823745499598,None,,,,,,,,,,,,,,,,,,,,,,,,,,,,,,,,,,,,,,,,,,,,,,,,,,,,,,,,,,,,,,,,,,,,,,,,,,,,,,,,,,,,,,,,,,,,,,,,,,,,,,,,,,,,,,,,,,,,,,,,,,,,,,,,,,,,,,,,,,,,,,,,,,,,,,,,,,,,,,,,,,,,,,,,,,,,,,,,,,,,,,,,,,,,,,,,004,001,2022-05-14_14h10.54.120,Trial_Exp,2022.1.2,60.0051573288623,
,,,,,,,,,,,,,,,,,,,,,,,,,,,,,,,,,,,59.72296997898957,None,74.7271538899804,None,74.7271538899804,None,0,,,space,24.380851880006958,75.69312424899545,None,,,,,,,,,,,,,,,,,,,,,,,,,,,,,,,,,,,,,,,,,,,,,,,,,,,,,,,,,,,,,,,,,,,,,,,,,,,,,,,,,,,,,,,,,,,,,,,,,,,,,,,,,,,,,,,,,,,,,,,,,,,,,,,,,,,,,,,,,,,,,,,,,,,,,,,,,,,,,,,,,,,,,,,,,,,,,,,,,,,004,001,2022-05-14_14h10.54.120,Trial_Exp,2022.1.2,60.0051573288623,
,,,,,,,,,,,,,,,,,,,,,,,,,,,,,,,,,,,,,,,,,,,,,,,,100.10123259099782,None,space,93.3077423569921,100.10123259099782,None,,,,,,,,,,,,,,,,,,,,,,,,,,,,,,,,,,,,,,,,,,,,,,,,,,,,,,,,,,,,,,,,,,,,,,,,,,,,,,,,,,,,,,,,,,,,,,,,,,,,,,,,,,,,,,,,,,,,,,,,,,,,,,,,,,,,,,,,,,,,,,,,,,,,,,,,,,,,,,,,,,,,,,,,,,,,,004,001,2022-05-14_14h10.54.120,Trial_Exp,2022.1.2,60.0051573288623,
0,0,0,0,,,,,,,,,,,,,,,,,,,,,,,,,,,,,,,,,,,,,,,,,,,,,,,,,,,100.10128620188334,101.10112238599686,100.10123259099782,None,100.10123259099782,None,193.4281768130022,None,193.4282262408815,None,198.4215685929812,None,198.43054698588094,None,202.42194264399586,None,202.43032559289713,None,206.43404745598673,None,206.4315732898831,None,lshift,1,2.308925112010911,206.43404745598673,None,208.76605517798453,None,208.76628298289143,209.76617627500673,,,,,,,,,,,,,,,,,,,,,,,,,,,,,,,,,,,,,,,,,,,,,,,,,,,,,,,,,,,,,,,,,,,,,,,,,,,,,,,,,,,,,,,,,,,,,,,,,,,,,,,,,,,,,,,,,,,,,,,,,,,,,,,,,,,,,,,,,,,,,,004,001,2022-05-14_14h10.54.120,Trial_Exp,2022.1.2,60.0051573288623,
1,0,1,0,,,,,,,,,,,,,,,,,,,,,,,,,,,,,,,,,,,,,,,,,,,,,,,,,,,,,,,,,215.75636167099583,None,215.7668847568857,None,220.76915710099274,None,220.76916252687806,None,224.77062525498332,None,224.77051457887865,None,228.77179049199913,None,228.77183824087842,None,rshift,1,1.0741915389953647,228.77179049199913,None,229.87192945898278,None,229.87192547688028,230.85943947400665,,,,,,,,,,,,,,,,,,,,,,,,,,,,,,,,,,,,,,,,,,,,,,,,,,,,,,,,,,,,,,,,,,,,,,,,,,,,,,,,,,,,,,,,,,,,,,,,,,,,,,,,,,,,,,,,,,,,,,,,,,,,,,,,,,,,,,,,,,,,,,004,001,2022-05-14_14h10.54.120,Trial_Exp,2022.1.2,60.0051573288623,
2,0,2,0,,,,,,,,,,,,,,,,,,,,,,,,,,,,,,,,,,,,,,,,,,,,,,,,,,,,,,,,,236.87425790799898,None,236.87433332190267,None,241.87574176100316,None,241.87598879190045,None,245.87554909099708,None,245.87659222789807,None,249.8775252669875,None,249.87748541487963,None,lshift,1,2.229462898976635,249.8775252669875,None,252.12859986099647,None,252.13037021190394,253.14564872099436,,,,,,,,,,,,,,,,,,,,,,,,,,,,,,,,,,,,,,,,,,,,,,,,,,,,,,,,,,,,,,,,,,,,,,,,,,,,,,,,,,,,,,,,,,,,,,,,,,,,,,,,,,,,,,,,,,,,,,,,,,,,,,,,,,,,,,,,,,,,,,004,001,2022-05-14_14h10.54.120,Trial_Exp,2022.1.2,60.0051573288623,
3,0,3,0,,,,,,,,,,,,,,,,,,,,,,,,,,,,,,,,,,,,,,,,,,,,,,,,,,,,,,,,,259.1315501719946,None,259.13134954389534,None,264.13171794300433,None,264.13159204489784,None,268.1331162439892,None,268.133178061893,None,272.1345659850049,None,272.1346736358828,None,rshift,1,1.115404292999301,272.1345659850049,None,273.2679782359919,None,273.26805672989576,274.26854786399053,,,,,,,,,,,,,,,,,,,,,,,,,,,,,,,,,,,,,,,,,,,,,,,,,,,,,,,,,,,,,,,,,,,,,,,,,,,,,,,,,,,,,,,,,,,,,,,,,,,,,,,,,,,,,,,,,,,,,,,,,,,,,,,,,,,,,,,,,,,,,,004,001,2022-05-14_14h10.54.120,Trial_Exp,2022.1.2,60.0051573288623,
,,,,,,,,,,,,,,,,,,,,,,,,,,,,,,,,,,,,,,,,,,,,,,,,,,,,,,,,,,,,,,,,,,,,,,,,,,,,,,,,,,,,,280.27813709000475,None,space,0,13.025842622999335,280.27813709000475,None,,,,,,,,,,,,,,,,,,,,,,,,,,,,,,,,,,,,,,,,,,,,,,,,,,,,,,,,,,,,,,,,,,,,,,,,,,,,,,,,,,,,,,,,,,,,,,,,,,,,,,,,,,,,,,,,,,,,,,,,,,,,,,,,,,,,,,,004,001,2022-05-14_14h10.54.120,Trial_Exp,2022.1.2,60.0051573288623,
,,,,0,0,0,0,,,,,,,,,,,,,,,,,,,,,,,,,,,,,,,,,,,,,,,,,,,,,,,,,,,,,,,,,,,,,,,,,,,,,,,,,,,,,,,,,,,,,293.32384906199877,None,299.06904677598504,None,299.0752069003647,None,302.31833452699357,None,302.3265392863832,None,306.3335398369818,None,306.3437178453896,None,310.0783511560003,None,rshift,1,0.8996282829903066,310.0783511560003,None,310.0783754638978,None,311.2443889389979,None,311.2496988044004,None,,,,,,,,,,,,,,,,,,,,,,,,,,,,,,,,,,,,,,,,,,,,,,,,,,,,,,,,,,,,,,,,,,,,,,,,,,,,,,,,,,,,,,,,,,,,,,,,,,,,,,,,,,,,004,001,2022-05-14_14h10.54.120,Trial_Exp,2022.1.2,60.0051573288623,
,,,,1,0,1,0,,,,,,,,,,,,,,,,,,,,,,,,,,,,,,,,,,,,,,,,,,,,,,,,,,,,,,,,,,,,,,,,,,,,,,,,,,,,,,,,,,,,,,,318.4990562169987,None,318.4982066003722,None,322.73990694698296,None,322.74898032439523,None,326.7439429649967,None,326.75349809537875,None,330.5007505689864,None,lshift,1,0.8302385760180186,330.5007505689864,None,330.5006720608799,None,331.59274967198144,None,331.6010853353946,None,,,,,,,,,,,,,,,,,,,,,,,,,,,,,,,,,,,,,,,,,,,,,,,,,,,,,,,,,,,,,,,,,,,,,,,,,,,,,,,,,,,,,,,,,,,,,,,,,,,,,,,,,,,,004,001,2022-05-14_14h10.54.120,Trial_Exp,2022.1.2,60.0051573288623,
,,,,2,0,2,0,,,,,,,,,,,,,,,,,,,,,,,,,,,,,,,,,,,,,,,,,,,,,,,,,,,,,,,,,,,,,,,,,,,,,,,,,,,,,,,,,,,,,,,340.8488531849871,None,340.85375379235484,None,343.09706678197836,None,343.1048202153761,None,347.09891458399943,None,347.1062912833877,None,350.85676434999914,None,lshift,1,1.5802187570079695,350.85676434999914,None,350.85864081588807,None,352.7020309109939,None,352.7076484593854,None,,,,,,,,,,,,,,,,,,,,,,,,,,,,,,,,,,,,,,,,,,,,,,,,,,,,,,,,,,,,,,,,,,,,,,,,,,,,,,,,,,,,,,,,,,,,,,,,,,,,,,,,,,,,004,001,2022-05-14_14h10.54.120,Trial_Exp,2022.1.2,60.0051573288623,
,,,,3,0,3,0,,,,,,,,,,,,,,,,,,,,,,,,,,,,,,,,,,,,,,,,,,,,,,,,,,,,,,,,,,,,,,,,,,,,,,,,,,,,,,,,,,,,,,,363.95424306800123,None,363.96052892834996,None,370.20456774899503,None,370.21385306937736,None,374.2061031339981,None,374.21469376637833,None,377.964755944995,None,lshift,1,1.2962282079970464,377.964755944995,None,377.9701252998784,None,379.5257513799879,None,379.53173088940093,None,,,,,,,,,,,,,,,,,,,,,,,,,,,,,,,,,,,,,,,,,,,,,,,,,,,,,,,,,,,,,,,,,,,,,,,,,,,,,,,,,,,,,,,,,,,,,,,,,,,,,,,,,,,,004,001,2022-05-14_14h10.54.120,Trial_Exp,2022.1.2,60.0051573288623,
,,,,4,0,4,0,,,,,,,,,,,,,,,,,,,,,,,,,,,,,,,,,,,,,,,,,,,,,,,,,,,,,,,,,,,,,,,,,,,,,,,,,,,,,,,,,,,,,,,390.7780100659875,None,390.7846945163619,None,394.02777905898984,None,394.0361057583941,None,398.02899198498926,None,398.03731513538514,None,401.7887111379823,None,rshift,1,0.8742699479917064,401.7887111379823,None,401.79380114289233,None,402.93235431599896,None,402.93878603339544,None,,,,,,,,,,,,,,,,,,,,,,,,,,,,,,,,,,,,,,,,,,,,,,,,,,,,,,,,,,,,,,,,,,,,,,,,,,,,,,,,,,,,,,,,,,,,,,,,,,,,,,,,,,,,004,001,2022-05-14_14h10.54.120,Trial_Exp,2022.1.2,60.0051573288623,
,,,,5,0,5,0,,,,,,,,,,,,,,,,,,,,,,,,,,,,,,,,,,,,,,,,,,,,,,,,,,,,,,,,,,,,,,,,,,,,,,,,,,,,,,,,,,,,,,,411.1850896620017,None,411.19042352135875,None,413.4326587760006,None,413.4416557113873,None,417.43360509100603,None,417.44293986438424,None,421.19347502698656,None,lshift,1,0.4575106199772563,421.19347502698656,None,421.197112797905,None,421.91984355199384,None,421.92704406537814,None,,,,,,,,,,,,,,,,,,,,,,,,,,,,,,,,,,,,,,,,,,,,,,,,,,,,,,,,,,,,,,,,,,,,,,,,,,,,,,,,,,,,,,,,,,,,,,,,,,,,,,,,,,,,004,001,2022-05-14_14h10.54.120,Trial_Exp,2022.1.2,60.0051573288623,
,,,,6,0,6,0,,,,,,,,,,,,,,,,,,,,,,,,,,,,,,,,,,,,,,,,,,,,,,,,,,,,,,,,,,,,,,,,,,,,,,,,,,,,,,,,,,,,,,,433.1752367959998,None,433.18147889437387,None,435.42318230698584,None,435.43152599339373,None,439.4230318639893,None,439.432215979381,None,443.1835455870023,None,rshift,1,2.0474241719930433,443.1835455870023,None,443.18351434890064,None,445.494516620005,None,445.5006199773925,None,,,,,,,,,,,,,,,,,,,,,,,,,,,,,,,,,,,,,,,,,,,,,,,,,,,,,,,,,,,,,,,,,,,,,,,,,,,,,,,,,,,,,,,,,,,,,,,,,,,,,,,,,,,,004,001,2022-05-14_14h10.54.120,Trial_Exp,2022.1.2,60.0051573288623,
,,,,7,0,7,0,,,,,,,,,,,,,,,,,,,,,,,,,,,,,,,,,,,,,,,,,,,,,,,,,,,,,,,,,,,,,,,,,,,,,,,,,,,,,,,,,,,,,,,455.74787077200017,None,455.75354261737084,None,458.99578077698243,None,459.00476595939836,None,462.9977331709815,None,463.0059189113963,None,466.75736026800587,None,rshift,1,0.49064457800704986,466.75736026800587,None,466.7573161238979,None,467.5176052839961,None,467.524146171374,None,,,,,,,,,,,,,,,,,,,,,,,,,,,,,,,,,,,,,,,,,,,,,,,,,,,,,,,,,,,,,,,,,,,,,,,,,,,,,,,,,,,,,,,,,,,,,,,,,,,,,,,,,,,,004,001,2022-05-14_14h10.54.120,Trial_Exp,2022.1.2,60.0051573288623,
,,,,8,0,8,0,,,,,,,,,,,,,,,,,,,,,,,,,,,,,,,,,,,,,,,,,,,,,,,,,,,,,,,,,,,,,,,,,,,,,,,,,,,,,,,,,,,,,,,478.77013593999436,None,478.77697620535037,None,484.0188191719935,None,484.0285871003871,None,488.0219050869928,None,488.0305846973788,None,491.78116768199834,None,rshift,1,0.7578039820073172,491.78116768199834,None,491.7813649328891,None,492.8081310179841,None,492.8146771833999,None,,,,,,,,,,,,,,,,,,,,,,,,,,,,,,,,,,,,,,,,,,,,,,,,,,,,,,,,,,,,,,,,,,,,,,,,,,,,,,,,,,,,,,,,,,,,,,,,,,,,,,,,,,,,004,001,2022-05-14_14h10.54.120,Trial_Exp,2022.1.2,60.0051573288623,
,,,,9,0,9,0,,,,,,,,,,,,,,,,,,,,,,,,,,,,,,,,,,,,,,,,,,,,,,,,,,,,,,,,,,,,,,,,,,,,,,,,,,,,,,,,,,,,,,,503.06291189600597,None,503.06768558136537,None,506.3081126459874,None,506.3179653873958,None,510.31106307398295,None,510.3191885893757,None,514.0705266000004,None,rshift,1,1.0644576890044846,514.0705266000004,None,514.0706196648825,None,515.3957072960038,None,515.4040248223755,None,,,,,,,,,,,,,,,,,,,,,,,,,,,,,,,,,,,,,,,,,,,,,,,,,,,,,,,,,,,,,,,,,,,,,,,,,,,,,,,,,,,,,,,,,,,,,,,,,,,,,,,,,,,,004,001,2022-05-14_14h10.54.120,Trial_Exp,2022.1.2,60.0051573288623,
,,,,10,0,10,0,,,,,,,,,,,,,,,,,,,,,,,,,,,,,,,,,,,,,,,,,,,,,,,,,,,,,,,,,,,,,,,,,,,,,,,,,,,,,,,,,,,,,,,523.656575364992,None,523.6565695633763,None,526.899282014987,None,526.9072464843921,None,530.8995355009974,None,530.9082533593755,None,534.6596859479905,None,lshift,1,1.562292187998537,534.6596859479905,None,534.6597831629042,None,536.4876429129799,None,536.4932374073833,None,,,,,,,,,,,,,,,,,,,,,,,,,,,,,,,,,,,,,,,,,,,,,,,,,,,,,,,,,,,,,,,,,,,,,,,,,,,,,,,,,,,,,,,,,,,,,,,,,,,,,,,,,,,,004,001,2022-05-14_14h10.54.120,Trial_Exp,2022.1.2,60.0051573288623,
,,,,,,,,,,,,,,,,,,,,,,,,,,,,,,,,,,,,,,,,,,,,,,,,,,,,,,,,,,,,,,,,,,,,,,,,,,,,,,,,,,,,,,,,,,,,,,,,,,,,,,,,,,,,,,,,,,,,,,,545.9932279019849,None,space,0,15.75074376599514,545.9932279019849,None,,,,,,,,,,,,,,,,,,,,,,,,,,,,,,,,,,,,,,,,,,,,,,,,,,,,,,,,,,,,,,,,,,,,,,,,,,,,,,,,,,,,,,,,,,,,,,,,,,,,,004,001,2022-05-14_14h10.54.120,Trial_Exp,2022.1.2,60.0051573288623,
,,,,,,,,0,0,0,0,,,,,,,,,,,,,,,,,,,,,,,,,,,,,,,,,,,,,,,,,,,,,,,,,,,,,,,,,,,,,,,,,,,,,,,,,,,,,,,,,561.7682286519848,None,,,,,,,,,,,,,,,,,,,,,,,,,,,,,,,,,568.2628675719898,None,568.2696666388656,None,572.2611367350037,None,572.2701458108786,None,576.2638077629963,None,576.2715750838688,None,580.265023371001,None,lshift,1,1.1949469220126048,580.265023371001,None,580.2727281488769,None,582.4833292609837,None,582.4896785128803,None,,,,,,,,,,,,,,,,,,,,,,,,,,,,,,,,,,,,,,,,,,,,,,,,,,,,,,,,,,,,,,,,,,,,,,,,,,,,004,001,2022-05-14_14h10.54.120,Trial_Exp,2022.1.2,60.0051573288623,
,,,,,,,,1,0,1,0,,,,,,,,,,,,,,,,,,,,,,,,,,,,,,,,,,,,,,,,,,,,,,,,,,,,,,,,,,,,,,,,,,,,,,,,,,,,,,,,,,,,,,,,,,,,,,,,,,,,,,,,,,,,,,,,,,,590.4853174180025,None,590.492139104841,None,595.4845116999932,None,595.4937421698705,None,599.4862619329942,None,599.494978561881,None,603.4904054179788,None,rshift,1,1.7435738879721612,603.4904054179788,None,603.4982232958719,None,606.2573585109785,None,606.2647040328593,None,,,,,,,,,,,,,,,,,,,,,,,,,,,,,,,,,,,,,,,,,,,,,,,,,,,,,,,,,,,,,,,,,,,,,,,,,,,,004,001,2022-05-14_14h10.54.120,Trial_Exp,2022.1.2,60.0051573288623,
,,,,,,,,2,0,2,0,,,,,,,,,,,,,,,,,,,,,,,,,,,,,,,,,,,,,,,,,,,,,,,,,,,,,,,,,,,,,,,,,,,,,,,,,,,,,,,,,,,,,,,,,,,,,,,,,,,,,,,,,,,,,,,,,,,616.2625378019875,None,616.2660135178594,None,620.2577757599938,None,620.2675756578683,None,624.2592506390065,None,624.2689559448627,None,628.2611178100051,None,lshift,1,2.076854162995005,628.2611178100051,None,628.2701116398675,None,631.3652442790044,None,631.370572304877,None,,,,,,,,,,,,,,,,,,,,,,,,,,,,,,,,,,,,,,,,,,,,,,,,,,,,,,,,,,,,,,,,,,,,,,,,,,,,004,001,2022-05-14_14h10.54.120,Trial_Exp,2022.1.2,60.0051573288623,
,,,,,,,,3,0,3,0,,,,,,,,,,,,,,,,,,,,,,,,,,,,,,,,,,,,,,,,,,,,,,,,,,,,,,,,,,,,,,,,,,,,,,,,,,,,,,,,,,,,,,,,,,,,,,,,,,,,,,,,,,,,,,,,,,,641.3718355559977,None,641.3733236658445,None,644.3657993219967,None,644.3745211518835,None,648.365938812989,None,648.3758794218593,None,652.3670207730029,None,lshift,1,1.5079550429945812,652.3670207730029,None,652.3764158588601,None,654.8873602999956,None,654.8942150218645,None,,,,,,,,,,,,,,,,,,,,,,,,,,,,,,,,,,,,,,,,,,,,,,,,,,,,,,,,,,,,,,,,,,,,,,,,,,,,004,001,2022-05-14_14h10.54.120,Trial_Exp,2022.1.2,60.0051573288623,
,,,,,,,,4,0,4,0,,,,,,,,,,,,,,,,,,,,,,,,,,,,,,,,,,,,,,,,,,,,,,,,,,,,,,,,,,,,,,,,,,,,,,,,,,,,,,,,,,,,,,,,,,,,,,,,,,,,,,,,,,,,,,,,,,,666.8944410549884,None,666.8979366958374,None,672.8952477169805,None,672.8997275768779,None,676.891780134989,None,676.9003656568821,None,680.8913035809819,None,rshift,1,0.8846826420049183,680.8913035809819,None,680.9013829138712,None,682.7922655050061,None,682.8008662658685,None,,,,,,,,,,,,,,,,,,,,,,,,,,,,,,,,,,,,,,,,,,,,,,,,,,,,,,,,,,,,,,,,,,,,,,,,,,,,004,001,2022-05-14_14h10.54.120,Trial_Exp,2022.1.2,60.0051573288623,
,,,,,,,,5,0,5,0,,,,,,,,,,,,,,,,,,,,,,,,,,,,,,,,,,,,,,,,,,,,,,,,,,,,,,,,,,,,,,,,,,,,,,,,,,,,,,,,,,,,,,,,,,,,,,,,,,,,,,,,,,,,,,,,,,,693.8016143029963,None,693.8035932298517,None,700.8040259380068,None,700.8072555368708,None,704.7991812329856,None,704.8086478928744,None,708.8009946459788,None,rshift,1,1.201984170009382,708.8009946459788,None,708.810000684869,None,711.0192909640027,None,711.0267257348751,None,,,,,,,,,,,,,,,,,,,,,,,,,,,,,,,,,,,,,,,,,,,,,,,,,,,,,,,,,,,,,,,,,,,,,,,,,,,,004,001,2022-05-14_14h10.54.120,Trial_Exp,2022.1.2,60.0051573288623,
,,,,,,,,6,0,6,0,,,,,,,,,,,,,,,,,,,,,,,,,,,,,,,,,,,,,,,,,,,,,,,,,,,,,,,,,,,,,,,,,,,,,,,,,,,,,,,,,,,,,,,,,,,,,,,,,,,,,,,,,,,,,,,,,,,720.0253561129794,None,720.0309452148504,None,724.0229858699895,None,724.03146189588,None,728.0234007120016,None,728.0321695618622,None,732.0241941339918,None,lshift,1,1.2877929449896328,732.0241941339918,None,732.0329416368622,None,734.3271478509996,None,734.3338935998618,None,,,,,,,,,,,,,,,,,,,,,,,,,,,,,,,,,,,,,,,,,,,,,,,,,,,,,,,,,,,,,,,,,,,,,,,,,,,,004,001,2022-05-14_14h10.54.120,Trial_Exp,2022.1.2,60.0051573288623,
,,,,,,,,7,0,7,0,,,,,,,,,,,,,,,,,,,,,,,,,,,,,,,,,,,,,,,,,,,,,,,,,,,,,,,,,,,,,,,,,,,,,,,,,,,,,,,,,,,,,,,,,,,,,,,,,,,,,,,,,,,,,,,,,,,746.3371382659825,None,746.3370439538558,None,750.3288487329846,None,750.3382924868783,None,754.3308102189912,None,754.339641291881,None,758.3325228909962,None,rshift,1,0.5174428150057793,758.3325228909962,None,758.3413115258736,None,759.8672741969931,None,759.8746259068721,None,,,,,,,,,,,,,,,,,,,,,,,,,,,,,,,,,,,,,,,,,,,,,,,,,,,,,,,,,,,,,,,,,,,,,,,,,,,,004,001,2022-05-14_14h10.54.120,Trial_Exp,2022.1.2,60.0051573288623,
,,,,,,,,8,0,8,0,,,,,,,,,,,,,,,,,,,,,,,,,,,,,,,,,,,,,,,,,,,,,,,,,,,,,,,,,,,,,,,,,,,,,,,,,,,,,,,,,,,,,,,,,,,,,,,,,,,,,,,,,,,,,,,,,,,771.8767709719832,None,771.8773678768484,None,777.8720026479859,None,777.8814336298674,None,781.8893654019921,None,781.8985317888728,None,785.8885920549801,None,lshift,1,2.5843799390131608,785.8885920549801,None,785.8982132748642,None,789.4933407389908,None,789.4996535968676,None,,,,,,,,,,,,,,,,,,,,,,,,,,,,,,,,,,,,,,,,,,,,,,,,,,,,,,,,,,,,,,,,,,,,,,,,,,,,004,001,2022-05-14_14h10.54.120,Trial_Exp,2022.1.2,60.0051573288623,
,,,,,,,,9,0,9,0,,,,,,,,,,,,,,,,,,,,,,,,,,,,,,,,,,,,,,,,,,,,,,,,,,,,,,,,,,,,,,,,,,,,,,,,,,,,,,,,,,,,,,,,,,,,,,,,,,,,,,,,,,,,,,,,,,,801.5041509879811,None,801.5027894378582,None,808.4954759289976,None,808.5051495728549,None,812.4974992749922,None,812.5059254388616,None,816.4987368900038,None,rshift,1,0.6172418619971722,816.4987368900038,None,816.5071248328604,None,818.1334886989789,None,818.1413635218632,None,,,,,,,,,,,,,,,,,,,,,,,,,,,,,,,,,,,,,,,,,,,,,,,,,,,,,,,,,,,,,,,,,,,,,,,,,,,,004,001,2022-05-14_14h10.54.120,Trial_Exp,2022.1.2,60.0051573288623,
,,,,,,,,10,0,10,0,,,,,,,,,,,,,,,,,,,,,,,,,,,,,,,,,,,,,,,,,,,,,,,,,,,,,,,,,,,,,,,,,,,,,,,,,,,,,,,,,,,,,,,,,,,,,,,,,,,,,,,,,,,,,,,,,,,827.1387393820041,None,827.1432764388446,None,832.1363274439937,None,832.1447474548768,None,836.1372490059875,None,836.1475732708641,None,840.1388471899845,None,lshift,0,0.8111217170080636,840.1388471899845,None,840.147357481881,None,841.9752733100031,None,841.9815807148698,None,,,,,,,,,,,,,,,,,,,,,,,,,,,,,,,,,,,,,,,,,,,,,,,,,,,,,,,,,,,,,,,,,,,,,,,,,,,,004,001,2022-05-14_14h10.54.120,Trial_Exp,2022.1.2,60.0051573288623,
,,,,,,,,,,,,,,,,,,,,,,,,,,,,,,,,,,,,,,,,,,,,,,,,,,,,,,,,,,,,,,,,,,,,,,,,,,,,,,,,,,,,,,,,,,,,,,,,,,,,,,,,,,,,,,,,,,,,,,,850.4755209949799,None,space,0,94.07645991799654,850.4755209949799,None,,,,,,,,,,,,,,,,,,,,,,,,,,,,,,,,,,,,,,,,,,,,,,,,,,,,,,,,,,,,,,,,,,,,,,,,,,,,,,,,,,,,,,,,,,,,,,,,,,,,,004,001,2022-05-14_14h10.54.120,Trial_Exp,2022.1.2,60.0051573288623,
,,,,,,,,,,,,0,0,0,0,,,,,,,,,,,,,,,,,,,,,,,,,,,,,,,,,,,,,,,,,,,,,,,,,,,,,,,,,,,,,,,,,,,,,,,,,,,,,944.5777894119965,None,,,,,,,,,,,,,,,,,,,,,,,,,,,,,,,,,,,,,,,,,,,,,,,,,,,,,,,,,,951.0757899659802,None,951.0812763638678,None,958.0726950069948,None,958.0814385268604,None,962.077820342005,None,962.0821283858677,None,966.0731640669983,None,lshift,1,1.3408111830067355,966.0731640669983,None,966.0835275988793,None,968.428093762981,None,968.4348184958799,None,,,,,,,,,,,,,,,,,,,,,,,,,,,,,,,,,,,,,,,,,,,,,,,,,,,004,001,2022-05-14_14h10.54.120,Trial_Exp,2022.1.2,60.0051573288623,
,,,,,,,,,,,,1,0,1,0,,,,,,,,,,,,,,,,,,,,,,,,,,,,,,,,,,,,,,,,,,,,,,,,,,,,,,,,,,,,,,,,,,,,,,,,,,,,,,,,,,,,,,,,,,,,,,,,,,,,,,,,,,,,,,,,,,,,,,,,,,,,,,,,,,,,,,,,980.4323572790017,None,980.4377518868423,None,985.428658549994,None,985.4391075198655,None,989.4314013659896,None,989.4404881458613,None,993.4325817899953,None,rshift,1,1.1833975379995536,993.4325817899953,None,993.4419809148822,None,995.63444935999,None,995.6421932268713,None,,,,,,,,,,,,,,,,,,,,,,,,,,,,,,,,,,,,,,,,,,,,,,,,,,,004,001,2022-05-14_14h10.54.120,Trial_Exp,2022.1.2,60.0051573288623,
,,,,,,,,,,,,2,0,2,0,,,,,,,,,,,,,,,,,,,,,,,,,,,,,,,,,,,,,,,,,,,,,,,,,,,,,,,,,,,,,,,,,,,,,,,,,,,,,,,,,,,,,,,,,,,,,,,,,,,,,,,,,,,,,,,,,,,,,,,,,,,,,,,,,,,,,,,,1005.6394743169949,None,1005.6449058558501,None,1011.637745126005,None,1011.6481992028712,None,1015.6561733779963,None,1015.6656230978551,None,1019.6391261729877,None,lshift,1,1.25785812898539,1019.6391261729877,None,1019.6498237458582,None,1021.9076524029952,None,1021.9164282188576,None,,,,,,,,,,,,,,,,,,,,,,,,,,,,,,,,,,,,,,,,,,,,,,,,,,,004,001,2022-05-14_14h10.54.120,Trial_Exp,2022.1.2,60.0051573288623,
,,,,,,,,,,,,3,0,3,0,,,,,,,,,,,,,,,,,,,,,,,,,,,,,,,,,,,,,,,,,,,,,,,,,,,,,,,,,,,,,,,,,,,,,,,,,,,,,,,,,,,,,,,,,,,,,,,,,,,,,,,,,,,,,,,,,,,,,,,,,,,,,,,,,,,,,,,,1031.915557870001,None,1031.9189376798458,None,1035.9097625269787,None,1035.920344141865,None,1039.912127949996,None,1039.9216320148553,None,1043.9124038589944,None,rshift,1,1.1465753210068215,1043.9124038589944,None,1043.9230403468828,None,1046.0814802940004,None,1046.089982636855,None,,,,,,,,,,,,,,,,,,,,,,,,,,,,,,,,,,,,,,,,,,,,,,,,,,,004,001,2022-05-14_14h10.54.120,Trial_Exp,2022.1.2,60.0051573288623,
,,,,,,,,,,,,4,0,4,0,,,,,,,,,,,,,,,,,,,,,,,,,,,,,,,,,,,,,,,,,,,,,,,,,,,,,,,,,,,,,,,,,,,,,,,,,,,,,,,,,,,,,,,,,,,,,,,,,,,,,,,,,,,,,,,,,,,,,,,,,,,,,,,,,,,,,,,,1056.0869299079932,None,1056.0927464598499,None,1063.085816317005,None,1063.095270085876,None,1067.0877608479932,None,1067.0970922078704,None,1071.0882637419854,None,lshift,1,1.2857267729996238,1071.0882637419854,None,1071.0981508268742,None,1073.3898237799876,None,1073.3982985998737,None,,,,,,,,,,,,,,,,,,,,,,,,,,,,,,,,,,,,,,,,,,,,,,,,,,,004,001,2022-05-14_14h10.54.120,Trial_Exp,2022.1.2,60.0051573288623,
,,,,,,,,,,,,5,0,5,0,,,,,,,,,,,,,,,,,,,,,,,,,,,,,,,,,,,,,,,,,,,,,,,,,,,,,,,,,,,,,,,,,,,,,,,,,,,,,,,,,,,,,,,,,,,,,,,,,,,,,,,,,,,,,,,,,,,,,,,,,,,,,,,,,,,,,,,,1081.3948562639998,None,1081.4000208068464,None,1087.3916098460031,None,1087.4015149818733,None,1091.3939046319865,None,1091.4028784328548,None,1095.393786340981,None,lshift,1,0.8201999930024613,1095.393786340981,None,1095.4042993608746,None,1097.228728407994,None,1097.2379275248677,None,,,,,,,,,,,,,,,,,,,,,,,,,,,,,,,,,,,,,,,,,,,,,,,,,,,004,001,2022-05-14_14h10.54.120,Trial_Exp,2022.1.2,60.0051573288623,
,,,,,,,,,,,,6,0,6,0,,,,,,,,,,,,,,,,,,,,,,,,,,,,,,,,,,,,,,,,,,,,,,,,,,,,,,,,,,,,,,,,,,,,,,,,,,,,,,,,,,,,,,,,,,,,,,,,,,,,,,,,,,,,,,,,,,,,,,,,,,,,,,,,,,,,,,,,1105.2373024979897,None,1105.2404640808527,None,1112.2329469340038,None,1112.2417250628641,None,1116.2405424859899,None,1116.243420214858,None,1120.2345550030004,None,lshift,1,1.0454306160099804,1120.2345550030004,None,1120.244977918861,None,1122.3032434060005,None,1122.3117603808641,None,,,,,,,,,,,,,,,,,,,,,,,,,,,,,,,,,,,,,,,,,,,,,,,,,,,004,001,2022-05-14_14h10.54.120,Trial_Exp,2022.1.2,60.0051573288623,
,,,,,,,,,,,,7,0,7,0,,,,,,,,,,,,,,,,,,,,,,,,,,,,,,,,,,,,,,,,,,,,,,,,,,,,,,,,,,,,,,,,,,,,,,,,,,,,,,,,,,,,,,,,,,,,,,,,,,,,,,,,,,,,,,,,,,,,,,,,,,,,,,,,,,,,,,,,1133.3081142769952,None,1133.3155410828476,None,1140.3070213869796,None,1140.3173818458745,None,1144.3082134129945,None,1144.3185541618732,None,1148.3092889649852,None,rshift,1,0.9376880810013972,1148.3092889649852,None,1148.3198927348712,None,1150.2615600760037,None,1150.2701492428605,None,,,,,,,,,,,,,,,,,,,,,,,,,,,,,,,,,,,,,,,,,,,,,,,,,,,004,001,2022-05-14_14h10.54.120,Trial_Exp,2022.1.2,60.0051573288623,
,,,,,,,,,,,,8,0,8,0,,,,,,,,,,,,,,,,,,,,,,,,,,,,,,,,,,,,,,,,,,,,,,,,,,,,,,,,,,,,,,,,,,,,,,,,,,,,,,,,,,,,,,,,,,,,,,,,,,,,,,,,,,,,,,,,,,,,,,,,,,,,,,,,,,,,,,,,1159.2665192789864,None,1159.2727072228445,None,1165.2656256390037,None,1165.2743096178747,None,1169.2691668939951,None,1169.2757258088677,None,1173.266406568,None,rshift,1,0.7145859269949142,1173.266406568,None,1173.277068698866,None,1175.0017104480066,None,1175.0104434478562,None,,,,,,,,,,,,,,,,,,,,,,,,,,,,,,,,,,,,,,,,,,,,,,,,,,,004,001,2022-05-14_14h10.54.120,Trial_Exp,2022.1.2,60.0051573288623,
,,,,,,,,,,,,9,0,9,0,,,,,,,,,,,,,,,,,,,,,,,,,,,,,,,,,,,,,,,,,,,,,,,,,,,,,,,,,,,,,,,,,,,,,,,,,,,,,,,,,,,,,,,,,,,,,,,,,,,,,,,,,,,,,,,,,,,,,,,,,,,,,,,,,,,,,,,,1184.9983273299877,None,1185.0025250498438,None,1190.9889095399994,None,1190.9983271248639,None,1194.9915483179793,None,1194.9997593578591,None,1198.9908238619973,None,rshift,1,0.3981752049876377,1198.9908238619973,None,1199.001204565866,None,1200.4088119129883,None,1200.4179200538783,None,,,,,,,,,,,,,,,,,,,,,,,,,,,,,,,,,,,,,,,,,,,,,,,,,,,004,001,2022-05-14_14h10.54.120,Trial_Exp,2022.1.2,60.0051573288623,
,,,,,,,,,,,,10,0,10,0,,,,,,,,,,,,,,,,,,,,,,,,,,,,,,,,,,,,,,,,,,,,,,,,,,,,,,,,,,,,,,,,,,,,,,,,,,,,,,,,,,,,,,,,,,,,,,,,,,,,,,,,,,,,,,,,,,,,,,,,,,,,,,,,,,,,,,,,1210.4162417969783,None,1210.420897915843,None,1213.4119612019858,None,1213.4219433768594,None,1217.4154565630015,None,1217.4224748598645,None,1221.4143255929812,None,rshift,1,2.411660840996774,1221.4143255929812,None,1221.423733276868,None,1224.8493943460053,None,1224.8583375458547,None,,,,,,,,,,,,,,,,,,,,,,,,,,,,,,,,,,,,,,,,,,,,,,,,,,,004,001,2022-05-14_14h10.54.120,Trial_Exp,2022.1.2,60.0051573288623,
,,,,,,,,,,,,,,,,,,,,,,,,,,,,,,,,,,,,,,,,,,,,,,,,,,,,,,,,,,,,,,,,,,,,,,,,,,,,,,,,,,,,,,,,,,,,,,,,,,,,,,,,,,,,,,,,,,,,,,,1231.3512464819942,None,space,0,12.126725432026433,1231.3512464819942,None,,,,,,,,,,,,,,,,,,,,,,,,,,,,,,,,,,,,,,,,,,,,,,,,,,,,,,,,,,,,,,,,,,,,,,,,,,,,,,,,,,,,,,,,,,,,,,,,,,,,,004,001,2022-05-14_14h10.54.120,Trial_Exp,2022.1.2,60.0051573288623,
,,,,,,,,,,,,,,,,0,0,0,0,,,,,,,,,,,,,,,,,,,,,,,,,,,,,,,,,,,,,,,,,,,,,,,,,,,,,,,,,,,,,,,,,,,,,,,,,1243.4877818549867,None,,,,,,,,,,,,,,,,,,,,,,,,,,,,,,,,,,,,,,,,,,,,,,,,,,,,,,,,,,,,,,,,,,,,,,,,,,,,,,,,,,,1249.9900797949813,None,1249.9986579638498,None,1256.9904246740043,None,1257.000599532883,None,1260.9930754230008,None,1261.0018344238633,None,1265.003041567863,None,1264.9931558929966,None,lshift,1,1.0898223580152262,1264.9931558929966,None,1267.0953742249985,None,1267.1034888698778,1268.1044680719788,,,,,,,,,,,,,,,,,,,,,,,,,,004,001,2022-05-14_14h10.54.120,Trial_Exp,2022.1.2,60.0051573288623,
,,,,,,,,,,,,,,,,1,0,1,0,,,,,,,,,,,,,,,,,,,,,,,,,,,,,,,,,,,,,,,,,,,,,,,,,,,,,,,,,,,,,,,,,,,,,,,,,,,,,,,,,,,,,,,,,,,,,,,,,,,,,,,,,,,,,,,,,,,,,,,,,,,,,,,,,,,,,,,,,,,,,,,,,,,,,,,,,,,,,1277.0989419749822,None,1277.1063432298542,None,1280.0980095620034,None,1280.1074391338625,None,1284.0991497009818,None,1284.1088641698589,None,1288.110121209873,None,1288.0996859739826,None,rshift,1,0.8282994070032146,1288.0996859739826,None,1289.9526988519938,None,1289.9603552428598,1290.960498920991,,,,,,,,,,,,,,,,,,,,,,,,,,004,001,2022-05-14_14h10.54.120,Trial_Exp,2022.1.2,60.0051573288623,
,,,,,,,,,,,,,,,,2,0,2,0,,,,,,,,,,,,,,,,,,,,,,,,,,,,,,,,,,,,,,,,,,,,,,,,,,,,,,,,,,,,,,,,,,,,,,,,,,,,,,,,,,,,,,,,,,,,,,,,,,,,,,,,,,,,,,,,,,,,,,,,,,,,,,,,,,,,,,,,,,,,,,,,,,,,,,,,,,,,,1298.9559553489962,None,1298.9620781208505,None,1302.9542838799825,None,1302.964807130862,None,1306.9732445369882,None,1306.9818476208602,None,1310.9662728758703,None,1310.956153821986,None,lshift,1,1.0668242020183243,1310.956153821986,None,1313.0416020989942,None,1313.050696780876,1314.0510234870017,,,,,,,,,,,,,,,,,,,,,,,,,,004,001,2022-05-14_14h10.54.120,Trial_Exp,2022.1.2,60.0051573288623,
,,,,,,,,,,,,,,,,3,0,3,0,,,,,,,,,,,,,,,,,,,,,,,,,,,,,,,,,,,,,,,,,,,,,,,,,,,,,,,,,,,,,,,,,,,,,,,,,,,,,,,,,,,,,,,,,,,,,,,,,,,,,,,,,,,,,,,,,,,,,,,,,,,,,,,,,,,,,,,,,,,,,,,,,,,,,,,,,,,,,1324.0471452969941,None,1324.0536061248567,None,1330.0454024509818,None,1330.0551209998666,None,1334.0484807259927,None,1334.056957466877,None,1338.057678687881,None,1338.0485972889874,None,lshift,1,0.618380656989757,1338.0485972889874,None,1339.682626402995,None,1339.6914743328816,1340.6915740910044,,,,,,,,,,,,,,,,,,,,,,,,,,004,001,2022-05-14_14h10.54.120,Trial_Exp,2022.1.2,60.0051573288623,
,,,,,,,,,,,,,,,,4,0,4,0,,,,,,,,,,,,,,,,,,,,,,,,,,,,,,,,,,,,,,,,,,,,,,,,,,,,,,,,,,,,,,,,,,,,,,,,,,,,,,,,,,,,,,,,,,,,,,,,,,,,,,,,,,,,,,,,,,,,,,,,,,,,,,,,,,,,,,,,,,,,,,,,,,,,,,,,,,,,,1348.68856292899,None,1348.693301671854,None,1354.687778677995,None,1354.697855328879,None,1358.6934428639943,None,1358.7023699968704,None,1362.6983663158608,None,1362.6886892059993,None,rshift,1,0.9673025930242147,1362.6886892059993,None,1364.672778534994,None,1364.6816976338741,1365.6819185529894,,,,,,,,,,,,,,,,,,,,,,,,,,004,001,2022-05-14_14h10.54.120,Trial_Exp,2022.1.2,60.0051573288623,
,,,,,,,,,,,,,,,,5,0,5,0,,,,,,,,,,,,,,,,,,,,,,,,,,,,,,,,,,,,,,,,,,,,,,,,,,,,,,,,,,,,,,,,,,,,,,,,,,,,,,,,,,,,,,,,,,,,,,,,,,,,,,,,,,,,,,,,,,,,,,,,,,,,,,,,,,,,,,,,,,,,,,,,,,,,,,,,,,,,,1373.6760254459805,None,1373.6829121168412,None,1379.6756356440019,None,1379.6862266738608,None,1383.67741419698,None,1383.6875983588689,None,1387.6881128158711,None,1387.6780269709998,None,lshift,0,1.1459480490011629,1387.6780269709998,None,1389.849242042983,None,1389.855875510868,1390.856171624997,,,,,,,,,,,,,,,,,,,,,,,,,,004,001,2022-05-14_14h10.54.120,Trial_Exp,2022.1.2,60.0051573288623,
,,,,,,,,,,,,,,,,6,0,6,0,,,,,,,,,,,,,,,,,,,,,,,,,,,,,,,,,,,,,,,,,,,,,,,,,,,,,,,,,,,,,,,,,,,,,,,,,,,,,,,,,,,,,,,,,,,,,,,,,,,,,,,,,,,,,,,,,,,,,,,,,,,,,,,,,,,,,,,,,,,,,,,,,,,,,,,,,,,,,1397.8536563419912,None,1397.85746478886,None,1402.8492189690005,None,1402.859015709866,None,1406.8519271709956,None,1406.860396823875,None,1410.86145746088,None,1410.8517232599843,None,lshift,1,1.6832540440082084,1410.8517232599843,None,1413.5571321779862,None,1413.5650570638827,1414.5654694209807,,,,,,,,,,,,,,,,,,,,,,,,,,004,001,2022-05-14_14h10.54.120,Trial_Exp,2022.1.2,60.0051573288623,
,,,,,,,,,,,,,,,,7,0,7,0,,,,,,,,,,,,,,,,,,,,,,,,,,,,,,,,,,,,,,,,,,,,,,,,,,,,,,,,,,,,,,,,,,,,,,,,,,,,,,,,,,,,,,,,,,,,,,,,,,,,,,,,,,,,,,,,,,,,,,,,,,,,,,,,,,,,,,,,,,,,,,,,,,,,,,,,,,,,,1423.55778495298,None,1423.5648480268428,None,1427.555552136997,None,1427.565316148859,None,1431.5595946839894,None,1431.567470953858,None,1435.5689201108762,None,1435.558535980992,None,rshift,1,2.3954471409961116,1435.558535980992,None,1438.9778962749988,None,1438.9867298518657,1439.9869797739957,,,,,,,,,,,,,,,,,,,,,,,,,,004,001,2022-05-14_14h10.54.120,Trial_Exp,2022.1.2,60.0051573288623,
,,,,,,,,,,,,,,,,8,0,8,0,,,,,,,,,,,,,,,,,,,,,,,,,,,,,,,,,,,,,,,,,,,,,,,,,,,,,,,,,,,,,,,,,,,,,,,,,,,,,,,,,,,,,,,,,,,,,,,,,,,,,,,,,,,,,,,,,,,,,,,,,,,,,,,,,,,,,,,,,,,,,,,,,,,,,,,,,,,,,1447.9879639269784,None,1447.988679645845,None,1451.9820231159974,None,1451.9899513138807,None,1455.982353703992,None,1455.991214136855,None,1459.9926205028605,None,1459.9827701699978,None,rshift,1,2.552206467022188,1459.9827701699978,None,1463.551506371994,None,1463.560672734864,1464.5606522219896,,,,,,,,,,,,,,,,,,,,,,,,,,004,001,2022-05-14_14h10.54.120,Trial_Exp,2022.1.2,60.0051573288623,
,,,,,,,,,,,,,,,,9,0,9,0,,,,,,,,,,,,,,,,,,,,,,,,,,,,,,,,,,,,,,,,,,,,,,,,,,,,,,,,,,,,,,,,,,,,,,,,,,,,,,,,,,,,,,,,,,,,,,,,,,,,,,,,,,,,,,,,,,,,,,,,,,,,,,,,,,,,,,,,,,,,,,,,,,,,,,,,,,,,,1472.5561604060058,None,1472.5625934848504,None,1479.5546749589848,None,1479.5650208048755,None,1483.5578567860066,None,1483.5662653728796,None,1487.5666793158744,None,1487.5567542019999,None,rshift,1,0.6872192989976611,1487.5567542019999,None,1489.259671317006,None,1489.2677986798808,1490.2680448229949,,,,,,,,,,,,,,,,,,,,,,,,,,004,001,2022-05-14_14h10.54.120,Trial_Exp,2022.1.2,60.0051573288623,
,,,,,,,,,,,,,,,,10,0,10,0,,,,,,,,,,,,,,,,,,,,,,,,,,,,,,,,,,,,,,,,,,,,,,,,,,,,,,,,,,,,,,,,,,,,,,,,,,,,,,,,,,,,,,,,,,,,,,,,,,,,,,,,,,,,,,,,,,,,,,,,,,,,,,,,,,,,,,,,,,,,,,,,,,,,,,,,,,,,,1497.2620635030034,None,1497.2698529488407,None,1502.2607989429962,None,1502.2711575728608,None,1506.2646653739794,None,1506.2724583428644,None,1510.2737109818554,None,1510.264131414995,None,lshift,1,1.0928439399867784,1510.264131414995,None,1512.366055055987,None,1512.3739045578695,1513.3754180999822,,,,,,,,,,,,,,,,,,,,,,,,,,004,001,2022-05-14_14h10.54.120,Trial_Exp,2022.1.2,60.0051573288623,
,,,,,,,,,,,,,,,,,,,,,,,,,,,,,,,,,,,,,,,,,,,,,,,,,,,,,,,,,,,,,,,,,,,,,,,,,,,,,,,,,,,,,,,,,,,,,,,,,,,,,,,,,,,,,,,,,,,,,,,1520.8670374399808,None,space,0,168.6019462980039,1520.8670374399808,None,,,,,,,,,,,,,,,,,,,,,,,,,,,,,,,,,,,,,,,,,,,,,,,,,,,,,,,,,,,,,,,,,,,,,,,,,,,,,,,,,,,,,,,,,,,,,,,,,,,,,004,001,2022-05-14_14h10.54.120,Trial_Exp,2022.1.2,60.0051573288623,
,,,,,,,,,,,,,,,,,,,,0,0,0,0,,,,,,,,,,,,,,,,,,,,,,,,,,,,,,,,,,,,,,,,,,,,,,,,,,,,,,,,,,,,,,,,,,,,,1689.4921869300015,None,,,,,,,,,,,,,,,,,,,,,,,,,,,,,,,,,,,,,,,,,,,,,,,,,,,,,,,,,,,,,,,,,,,,,,,,,,,,,,,,,,,,,,,,,,,,,,,,,,,,,,,,,,,,1695.9898252779967,None,1695.9936323908623,None,1701.9843579339795,None,1701.99448207987,None,1705.9894174969813,None,1705.9982099908812,None,1709.9885397279868,None,1709.9984030928754,None,rshift,1,0.6574284470116254,1709.9885397279868,None,1711.6565622189955,None,1711.664889407868,None,004,001,2022-05-14_14h10.54.120,Trial_Exp,2022.1.2,60.0051573288623,
,,,,,,,,,,,,,,,,,,,,1,0,1,0,,,,,,,,,,,,,,,,,,,,,,,,,,,,,,,,,,,,,,,,,,,,,,,,,,,,,,,,,,,,,,,,,,,,,,,,,,,,,,,,,,,,,,,,,,,,,,,,,,,,,,,,,,,,,,,,,,,,,,,,,,,,,,,,,,,,,,,,,,,,,,,,,,,,,,,,,,,,,,,,,,,,,,,,,,,,,,,,,,1722.6659151439962,None,1722.6679623528325,None,1726.6591118999931,None,1726.6691123988712,None,1730.6619827880058,None,1730.6705302248592,None,1734.6614169009845,None,1734.6718148798682,None,lshift,1,0.7495556970243342,1734.6614169009845,None,1736.4316248919931,None,1736.4388837368751,None,004,001,2022-05-14_14h10.54.120,Trial_Exp,2022.1.2,60.0051573288623,
,,,,,,,,,,,,,,,,,,,,2,0,2,0,,,,,,,,,,,,,,,,,,,,,,,,,,,,,,,,,,,,,,,,,,,,,,,,,,,,,,,,,,,,,,,,,,,,,,,,,,,,,,,,,,,,,,,,,,,,,,,,,,,,,,,,,,,,,,,,,,,,,,,,,,,,,,,,,,,,,,,,,,,,,,,,,,,,,,,,,,,,,,,,,,,,,,,,,,,,,,,,,,1748.4370914439787,None,1748.442746414832,None,1755.4336431289848,None,1755.4441311308765,None,1759.4372341120034,None,1759.4471628988686,None,1763.438707652007,None,1763.4479874038661,None,rshift,1,0.6562655880115926,1763.438707652007,None,1765.1060957809968,None,1765.1147919728828,None,004,001,2022-05-14_14h10.54.120,Trial_Exp,2022.1.2,60.0051573288623,
,,,,,,,,,,,,,,,,,,,,3,0,3,0,,,,,,,,,,,,,,,,,,,,,,,,,,,,,,,,,,,,,,,,,,,,,,,,,,,,,,,,,,,,,,,,,,,,,,,,,,,,,,,,,,,,,,,,,,,,,,,,,,,,,,,,,,,,,,,,,,,,,,,,,,,,,,,,,,,,,,,,,,,,,,,,,,,,,,,,,,,,,,,,,,,,,,,,,,,,,,,,,,1773.109669833997,None,1773.1153358948359,None,1778.105703815003,None,1778.1161634038726,None,1782.1093498419796,None,1782.1184385018714,None,1786.1096447729797,None,1786.1196234258823,None,rshift,0,3.7193244570225943,1786.1096447729797,None,1790.847684234992,None,1790.854505906871,None,004,001,2022-05-14_14h10.54.120,Trial_Exp,2022.1.2,60.0051573288623,
,,,,,,,,,,,,,,,,,,,,4,0,4,0,,,,,,,,,,,,,,,,,,,,,,,,,,,,,,,,,,,,,,,,,,,,,,,,,,,,,,,,,,,,,,,,,,,,,,,,,,,,,,,,,,,,,,,,,,,,,,,,,,,,,,,,,,,,,,,,,,,,,,,,,,,,,,,,,,,,,,,,,,,,,,,,,,,,,,,,,,,,,,,,,,,,,,,,,,,,,,,,,,1801.8562370789878,None,1801.8574076228542,None,1805.8491316470027,None,1805.858806178876,None,1809.8502233889885,None,1809.8601100448577,None,1813.850918076001,None,1813.8613081328804,None,rshift,1,0.9300794590089936,1813.850918076001,None,1815.789653446991,None,1815.7983375708573,None,004,001,2022-05-14_14h10.54.120,Trial_Exp,2022.1.2,60.0051573288623,
,,,,,,,,,,,,,,,,,,,,5,0,5,0,,,,,,,,,,,,,,,,,,,,,,,,,,,,,,,,,,,,,,,,,,,,,,,,,,,,,,,,,,,,,,,,,,,,,,,,,,,,,,,,,,,,,,,,,,,,,,,,,,,,,,,,,,,,,,,,,,,,,,,,,,,,,,,,,,,,,,,,,,,,,,,,,,,,,,,,,,,,,,,,,,,,,,,,,,,,,,,,,,1823.7912537730008,None,1823.7983924628352,None,1827.7878673509986,None,1827.7982364198833,None,1831.79116108999,None,1831.7993517888826,None,1835.7904451320064,None,1835.8007378398615,None,rshift,1,1.3565267439989839,1835.7904451320064,None,1838.1601848739956,None,1838.1687090568594,None,004,001,2022-05-14_14h10.54.120,Trial_Exp,2022.1.2,60.0051573288623,
,,,,,,,,,,,,,,,,,,,,6,0,6,0,,,,,,,,,,,,,,,,,,,,,,,,,,,,,,,,,,,,,,,,,,,,,,,,,,,,,,,,,,,,,,,,,,,,,,,,,,,,,,,,,,,,,,,,,,,,,,,,,,,,,,,,,,,,,,,,,,,,,,,,,,,,,,,,,,,,,,,,,,,,,,,,,,,,,,,,,,,,,,,,,,,,,,,,,,,,,,,,,,1847.1627311869815,None,1847.170350928849,None,1850.161163754994,None,1850.1716289298784,None,1854.166094983986,None,1854.1732684618619,None,1858.165145195002,None,1858.1741022468777,None,lshift,1,0.8398389919893816,1858.165145195002,None,1860.0157265339803,None,1860.02451839688,None,004,001,2022-05-14_14h10.54.120,Trial_Exp,2022.1.2,60.0051573288623,
,,,,,,,,,,,,,,,,,,,,7,0,7,0,,,,,,,,,,,,,,,,,,,,,,,,,,,,,,,,,,,,,,,,,,,,,,,,,,,,,,,,,,,,,,,,,,,,,,,,,,,,,,,,,,,,,,,,,,,,,,,,,,,,,,,,,,,,,,,,,,,,,,,,,,,,,,,,,,,,,,,,,,,,,,,,,,,,,,,,,,,,,,,,,,,,,,,,,,,,,,,,,,1872.0225438110065,None,1872.0274275708362,None,1878.0243354589911,None,1878.0282560708583,None,1882.0239351879864,None,1882.031502451864,None,1886.0215085920063,None,1886.0319913628628,None,rshift,1,0.8414655409869738,1886.0215085920063,None,1887.8723571969895,None,1887.8812801908643,None,004,001,2022-05-14_14h10.54.120,Trial_Exp,2022.1.2,60.0051573288623,
,,,,,,,,,,,,,,,,,,,,8,0,8,0,,,,,,,,,,,,,,,,,,,,,,,,,,,,,,,,,,,,,,,,,,,,,,,,,,,,,,,,,,,,,,,,,,,,,,,,,,,,,,,,,,,,,,,,,,,,,,,,,,,,,,,,,,,,,,,,,,,,,,,,,,,,,,,,,,,,,,,,,,,,,,,,,,,,,,,,,,,,,,,,,,,,,,,,,,,,,,,,,,1899.8794254559907,None,1899.885859053844,None,1906.8782600529958,None,1906.8880047648563,None,1910.8794394549914,None,1910.8892014838639,None,1914.8799885119952,None,1914.8902049248572,None,lshift,1,0.6759948389953934,1914.8799885119952,None,1916.565998793987,None,1916.57372320586,None,004,001,2022-05-14_14h10.54.120,Trial_Exp,2022.1.2,60.0051573288623,
,,,,,,,,,,,,,,,,,,,,9,0,9,0,,,,,,,,,,,,,,,,,,,,,,,,,,,,,,,,,,,,,,,,,,,,,,,,,,,,,,,,,,,,,,,,,,,,,,,,,,,,,,,,,,,,,,,,,,,,,,,,,,,,,,,,,,,,,,,,,,,,,,,,,,,,,,,,,,,,,,,,,,,,,,,,,,,,,,,,,,,,,,,,,,,,,,,,,,,,,,,,,,1928.5759659059986,None,1928.5769877588318,None,1931.5679118199914,None,1931.5781584248762,None,1935.5724866229866,None,1935.5814704658696,None,1939.571755101002,None,1939.581154634856,None,rshift,1,0.6352207479940262,1939.571755101002,None,1941.2231748619815,None,1941.2315697828599,None,004,001,2022-05-14_14h10.54.120,Trial_Exp,2022.1.2,60.0051573288623,
,,,,,,,,,,,,,,,,,,,,10,0,10,0,,,,,,,,,,,,,,,,,,,,,,,,,,,,,,,,,,,,,,,,,,,,,,,,,,,,,,,,,,,,,,,,,,,,,,,,,,,,,,,,,,,,,,,,,,,,,,,,,,,,,,,,,,,,,,,,,,,,,,,,,,,,,,,,,,,,,,,,,,,,,,,,,,,,,,,,,,,,,,,,,,,,,,,,,,,,,,,,,,1951.227011476003,None,1951.2336594618391,None,1957.2254589899967,None,1957.2356046038622,None,1961.2282495099935,None,1961.237231875857,None,1965.2271452629939,None,1965.2380381258554,None,lshift,1,0.6978367539995816,1965.2271452629939,None,1966.9472302380018,None,1966.9549914928793,None,004,001,2022-05-14_14h10.54.120,Trial_Exp,2022.1.2,60.0051573288623,
