﻿trials_6.thisRepN,trials_6.thisTrialN,trials_6.thisN,trials_6.thisIndex,trials.thisRepN,trials.thisTrialN,trials.thisN,trials.thisIndex,trials_2.thisRepN,trials_2.thisTrialN,trials_2.thisN,trials_2.thisIndex,trials_3.thisRepN,trials_3.thisTrialN,trials_3.thisN,trials_3.thisIndex,trials_4.thisRepN,trials_4.thisTrialN,trials_4.thisN,trials_4.thisIndex,trials_5.thisRepN,trials_5.thisTrialN,trials_5.thisN,trials_5.thisIndex,text_6.started,text_6.stopped,button_2.started,button_2.stopped,button_2.numClicks,button_2.timesOn,button_2.timesOff,key_resp_11.keys,key_resp_11.rt,key_resp_11.started,key_resp_11.stopped,text_8.started,text_8.stopped,text_4.started,text_4.stopped,button.started,button.stopped,button.numClicks,button.timesOn,button.timesOff,key_resp_12.keys,key_resp_12.rt,key_resp_12.started,key_resp_12.stopped,text_7.started,text_7.stopped,key_resp_8.keys,key_resp_8.rt,key_resp_8.started,key_resp_8.stopped,sound_31.started,sound_31.stopped,text_10.started,text_10.stopped,image.started,image.stopped,polygon_26.started,polygon_26.stopped,sound_26.started,sound_26.stopped,polygon_27.started,polygon_27.stopped,sound_27.started,sound_27.stopped,polygon_28.started,polygon_28.stopped,sound_28.started,sound_28.stopped,polygon_29.started,polygon_29.stopped,sound_29.started,sound_29.stopped,key_resp_10.keys,key_resp_10.corr,key_resp_10.rt,key_resp_10.started,key_resp_10.stopped,polygon_30.started,polygon_30.stopped,sound_30.started,sound_30.stopped,text.started,text.stopped,key_resp_2.keys,key_resp_2.corr,key_resp_2.rt,key_resp_2.started,key_resp_2.stopped,polygon_31.started,polygon_31.stopped,polygon.started,polygon.stopped,sound_1.started,sound_1.stopped,polygon_3.started,polygon_3.stopped,sound_2.started,sound_2.stopped,polygon_4.started,polygon_4.stopped,sound_3.started,sound_3.stopped,polygon_2.started,polygon_2.stopped,key_resp.keys,key_resp.corr,key_resp.rt,key_resp.started,key_resp.stopped,sound_4.started,sound_4.stopped,polygon_5.started,polygon_5.stopped,sound_5.started,sound_5.stopped,text_2.started,text_2.stopped,key_resp_3.keys,key_resp_3.corr,key_resp_3.rt,key_resp_3.started,key_resp_3.stopped,polygon_6.started,polygon_6.stopped,sound_6.started,sound_6.stopped,polygon_7.started,polygon_7.stopped,sound_7.started,sound_7.stopped,polygon_8.started,polygon_8.stopped,sound_8.started,sound_8.stopped,polygon_9.started,polygon_9.stopped,key_resp_4.keys,key_resp_4.corr,key_resp_4.rt,key_resp_4.started,key_resp_4.stopped,sound_9.started,sound_9.stopped,polygon_24.started,polygon_24.stopped,sound_24.started,sound_24.stopped,polygon_10.started,polygon_10.stopped,sound_10.started,sound_10.stopped,polygon_11.started,polygon_11.stopped,sound_11.started,sound_11.stopped,polygon_12.started,polygon_12.stopped,sound_12.started,sound_12.stopped,polygon_13.started,polygon_13.stopped,key_resp_5.keys,key_resp_5.corr,key_resp_5.rt,key_resp_5.started,key_resp_5.stopped,sound_13.started,sound_13.stopped,polygon_25.started,polygon_25.stopped,sound_25.started,sound_25.stopped,polygon_14.started,polygon_14.stopped,sound_14.started,sound_14.stopped,polygon_15.started,polygon_15.stopped,sound_15.started,sound_15.stopped,polygon_16.started,polygon_16.stopped,sound_16.started,sound_16.stopped,sound_17.started,sound_17.stopped,polygon_17.started,polygon_17.stopped,key_resp_6.keys,key_resp_6.corr,key_resp_6.rt,key_resp_6.started,key_resp_6.stopped,polygon_18.started,polygon_18.stopped,sound_18.started,sound_18.stopped,polygon_19.started,polygon_19.stopped,sound_19.started,sound_19.stopped,polygon_20.started,polygon_20.stopped,sound_20.started,sound_20.stopped,polygon_21.started,polygon_21.stopped,sound_21.started,sound_21.stopped,polygon_22.started,polygon_22.stopped,sound_22.started,sound_22.stopped,key_resp_7.keys,key_resp_7.corr,key_resp_7.rt,key_resp_7.started,key_resp_7.stopped,polygon_23.started,polygon_23.stopped,sound_23.started,sound_23.stopped,text_3.started,text_3.stopped,participant,session,date,expName,psychopyVersion,frameRate,
,,,,,,,,,,,,,,,,,,,,,,,,188.91032726102276,None,188.91032726102276,None,0,,,space,7.530177180015016,189.8983629309805,None,,,,,,,,,,,,,,,,,,,,,,,,,,,,,,,,,,,,,,,,,,,,,,,,,,,,,,,,,,,,,,,,,,,,,,,,,,,,,,,,,,,,,,,,,,,,,,,,,,,,,,,,,,,,,,,,,,,,,,,,,,,,,,,,,,,,,,,,,,,,,,,,,,,,,,,,,,,,,,,,,,,,,,,,,,,,,,,,,,,,,,,,,,,,,,,,,,005,001,2022-05-17_13h16.46.950,Trial_Exp,2022.1.2,60.02147905595837,
,,,,,,,,,,,,,,,,,,,,,,,,,,,,,,,,,,,197.4517784609925,None,212.45524694799678,None,212.45524694799678,None,0,,,space,3.602421046991367,213.42212157597532,None,,,,,,,,,,,,,,,,,,,,,,,,,,,,,,,,,,,,,,,,,,,,,,,,,,,,,,,,,,,,,,,,,,,,,,,,,,,,,,,,,,,,,,,,,,,,,,,,,,,,,,,,,,,,,,,,,,,,,,,,,,,,,,,,,,,,,,,,,,,,,,,,,,,,,,,,,,,,,,,,,,,,,,,,,,,,,,,,,,,,,005,001,2022-05-17_13h16.46.950,Trial_Exp,2022.1.2,60.02147905595837,
,,,,,,,,,,,,,,,,,,,,,,,,,,,,,,,,,,,,,,,,,,,,,,,,217.04182260797825,None,space,55.2517073850031,217.04182260797825,None,,,,,,,,,,,,,,,,,,,,,,,,,,,,,,,,,,,,,,,,,,,,,,,,,,,,,,,,,,,,,,,,,,,,,,,,,,,,,,,,,,,,,,,,,,,,,,,,,,,,,,,,,,,,,,,,,,,,,,,,,,,,,,,,,,,,,,,,,,,,,,,,,,,,,,,,,,,,,,,,,,,,,,,,,,,,,,,005,001,2022-05-17_13h16.46.950,Trial_Exp,2022.1.2,60.02147905595837,
0,0,0,0,,,,,,,,,,,,,,,,,,,,,,,,,,,,,,,,,,,,,,,,,,,,,,,,,,,217.0418284100655,218.04186538397335,217.04182260797825,None,217.04182260797825,None,272.3243613700033,None,272.324160098104,None,277.31365954800276,None,277.32418481406637,None,281.32648471702123,None,281.325226496096,None,285.32666408101795,None,285.32905060606424,None,lshift,1,0.4318750969832763,285.32666408101795,None,285.77673366700765,None,285.7765853891091,286.77681471197866,,,,,,,,,,,,,,,,,,,,,,,,,,,,,,,,,,,,,,,,,,,,,,,,,,,,,,,,,,,,,,,,,,,,,,,,,,,,,,,,,,,,,,,,,,,,,,,,,,,,,,,,,,,,,,,,,,,,,,,,,,,,,,,,,,,,,,,,,,,,,,,,005,001,2022-05-17_13h16.46.950,Trial_Exp,2022.1.2,60.02147905595837,
1,0,1,0,,,,,,,,,,,,,,,,,,,,,,,,,,,,,,,,,,,,,,,,,,,,,,,,,,,,,,,,,292.7783661329886,None,292.7783915581007,None,297.77986972098006,None,297.7797961930686,None,301.7811490739696,None,301.7810151471116,None,305.78252445097314,None,305.78242497507597,None,rshift,1,0.4510096880258061,305.78252445097314,None,306.26579722901806,None,306.26577375806517,307.2659349599853,,,,,,,,,,,,,,,,,,,,,,,,,,,,,,,,,,,,,,,,,,,,,,,,,,,,,,,,,,,,,,,,,,,,,,,,,,,,,,,,,,,,,,,,,,,,,,,,,,,,,,,,,,,,,,,,,,,,,,,,,,,,,,,,,,,,,,,,,,,,,,,,005,001,2022-05-17_13h16.46.950,Trial_Exp,2022.1.2,60.02147905595837,
2,0,2,0,,,,,,,,,,,,,,,,,,,,,,,,,,,,,,,,,,,,,,,,,,,,,,,,,,,,,,,,,313.2676256530103,None,313.2673640491033,None,318.2688431770075,None,318.2689978911134,None,322.2705692530144,None,322.27027779608613,None,326.27161199599504,None,326.2714035810844,None,lshift,1,0.45991538400994614,326.27161199599504,None,326.7548779619974,None,326.75487460411966,327.7549181979848,,,,,,,,,,,,,,,,,,,,,,,,,,,,,,,,,,,,,,,,,,,,,,,,,,,,,,,,,,,,,,,,,,,,,,,,,,,,,,,,,,,,,,,,,,,,,,,,,,,,,,,,,,,,,,,,,,,,,,,,,,,,,,,,,,,,,,,,,,,,,,,,005,001,2022-05-17_13h16.46.950,Trial_Exp,2022.1.2,60.02147905595837,
3,0,3,0,,,,,,,,,,,,,,,,,,,,,,,,,,,,,,,,,,,,,,,,,,,,,,,,,,,,,,,,,333.74686721601756,None,333.75756171008686,None,338.75870286201825,None,338.75860678509923,None,342.759403293021,None,342.76455909608046,None,346.7613890109933,None,346.7608692540729,None,rshift,1,0.3571435429621488,346.7613890109933,None,347.1443396980176,None,347.1466077520803,348.16084773797775,,,,,,,,,,,,,,,,,,,,,,,,,,,,,,,,,,,,,,,,,,,,,,,,,,,,,,,,,,,,,,,,,,,,,,,,,,,,,,,,,,,,,,,,,,,,,,,,,,,,,,,,,,,,,,,,,,,,,,,,,,,,,,,,,,,,,,,,,,,,,,,,005,001,2022-05-17_13h16.46.950,Trial_Exp,2022.1.2,60.02147905595837,
,,,,,,,,,,,,,,,,,,,,,,,,,,,,,,,,,,,,,,,,,,,,,,,,,,,,,,,,,,,,,,,,,,,,,,,,,,,,,,,,,,,,,354.1530553380144,None,space,0,10.308472015021835,354.1530553380144,None,,,,,,,,,,,,,,,,,,,,,,,,,,,,,,,,,,,,,,,,,,,,,,,,,,,,,,,,,,,,,,,,,,,,,,,,,,,,,,,,,,,,,,,,,,,,,,,,,,,,,,,,,,,,,,,,,,,,,,,,,,,,,,,,,,,,,,,,,005,001,2022-05-17_13h16.46.950,Trial_Exp,2022.1.2,60.02147905595837,
,,,,0,0,0,0,,,,,,,,,,,,,,,,,,,,,,,,,,,,,,,,,,,,,,,,,,,,,,,,,,,,,,,,,,,,,,,,,,,,,,,,,,,,,,,,,,,,,364.48215465899557,None,370.2263580589788,None,370.2320910364855,None,372.4764779380057,None,372.48420526853295,None,376.47785928996745,None,376.4855462395702,None,380.237861046975,None,rshift,1,0.43667435995303094,380.237861046975,None,380.2365238291153,None,380.9492413029657,None,380.9534983645775,None,,,,,,,,,,,,,,,,,,,,,,,,,,,,,,,,,,,,,,,,,,,,,,,,,,,,,,,,,,,,,,,,,,,,,,,,,,,,,,,,,,,,,,,,,,,,,,,,,,,,,,,,,,,,,,005,001,2022-05-17_13h16.46.950,Trial_Exp,2022.1.2,60.02147905595837,
,,,,1,0,1,0,,,,,,,,,,,,,,,,,,,,,,,,,,,,,,,,,,,,,,,,,,,,,,,,,,,,,,,,,,,,,,,,,,,,,,,,,,,,,,,,,,,,,,,390.20000861398876,None,390.2035557144321,None,394.4498613650212,None,394.4580306735355,None,398.4658966049901,None,398.4748309915652,None,402.20998541801237,None,lshift,1,0.3765397460083477,402.20998541801237,None,402.2098581561062,None,402.8530262869899,None,402.860001503583,None,,,,,,,,,,,,,,,,,,,,,,,,,,,,,,,,,,,,,,,,,,,,,,,,,,,,,,,,,,,,,,,,,,,,,,,,,,,,,,,,,,,,,,,,,,,,,,,,,,,,,,,,,,,,,,005,001,2022-05-17_13h16.46.950,Trial_Exp,2022.1.2,60.02147905595837,
,,,,2,0,2,0,,,,,,,,,,,,,,,,,,,,,,,,,,,,,,,,,,,,,,,,,,,,,,,,,,,,,,,,,,,,,,,,,,,,,,,,,,,,,,,,,,,,,,,410.1061247140169,None,410.1091922224499,None,412.3536134029855,None,412.36232469257664,None,416.3542540160124,None,416.36355062857035,None,420.1147664479795,None,lshift,1,0.3547596360440366,420.1147664479795,None,420.11463787110404,None,420.74304286099505,None,420.74862701955715,None,,,,,,,,,,,,,,,,,,,,,,,,,,,,,,,,,,,,,,,,,,,,,,,,,,,,,,,,,,,,,,,,,,,,,,,,,,,,,,,,,,,,,,,,,,,,,,,,,,,,,,,,,,,,,,005,001,2022-05-17_13h16.46.950,Trial_Exp,2022.1.2,60.02147905595837,
,,,,3,0,3,0,,,,,,,,,,,,,,,,,,,,,,,,,,,,,,,,,,,,,,,,,,,,,,,,,,,,,,,,,,,,,,,,,,,,,,,,,,,,,,,,,,,,,,,429.99605386698386,None,429.998546461435,None,432.2428833390004,None,432.25151386557843,None,436.2444521849975,None,436.25280690254874,None,440.00377287797164,None,lshift,1,0.34275806602090597,440.00377287797164,None,440.00363541808326,None,440.61396440997487,None,440.62074400057315,None,,,,,,,,,,,,,,,,,,,,,,,,,,,,,,,,,,,,,,,,,,,,,,,,,,,,,,,,,,,,,,,,,,,,,,,,,,,,,,,,,,,,,,,,,,,,,,,,,,,,,,,,,,,,,,005,001,2022-05-17_13h16.46.950,Trial_Exp,2022.1.2,60.02147905595837,
,,,,4,0,4,0,,,,,,,,,,,,,,,,,,,,,,,,,,,,,,,,,,,,,,,,,,,,,,,,,,,,,,,,,,,,,,,,,,,,,,,,,,,,,,,,,,,,,,,450.8763294359669,None,450.8726810704451,None,454.11646658799145,None,454.12484661254564,None,458.1328487879946,None,458.14193707254014,None,461.8771551550017,None,lshift,1,0.45337284699780867,461.8771551550017,None,461.87726214907013,None,462.6034646049957,None,462.6100730225793,None,,,,,,,,,,,,,,,,,,,,,,,,,,,,,,,,,,,,,,,,,,,,,,,,,,,,,,,,,,,,,,,,,,,,,,,,,,,,,,,,,,,,,,,,,,,,,,,,,,,,,,,,,,,,,,005,001,2022-05-17_13h16.46.950,Trial_Exp,2022.1.2,60.02147905595837,
,,,,5,0,5,0,,,,,,,,,,,,,,,,,,,,,,,,,,,,,,,,,,,,,,,,,,,,,,,,,,,,,,,,,,,,,,,,,,,,,,,,,,,,,,,,,,,,,,,469.86920618999284,None,469.8766056105203,None,472.1214425630169,None,472.1296188045293,None,476.1221515359939,None,476.13087241954634,None,479.8821332739899,None,lshift,1,0.3943972740089521,479.8821332739899,None,479.8818332731083,None,480.5419443179853,None,480.5473149875528,None,,,,,,,,,,,,,,,,,,,,,,,,,,,,,,,,,,,,,,,,,,,,,,,,,,,,,,,,,,,,,,,,,,,,,,,,,,,,,,,,,,,,,,,,,,,,,,,,,,,,,,,,,,,,,,005,001,2022-05-17_13h16.46.950,Trial_Exp,2022.1.2,60.02147905595837,
,,,,6,0,6,0,,,,,,,,,,,,,,,,,,,,,,,,,,,,,,,,,,,,,,,,,,,,,,,,,,,,,,,,,,,,,,,,,,,,,,,,,,,,,,,,,,,,,,,491.8050232719979,None,491.81661731550116,None,496.0627817909699,None,496.07019067157523,None,500.0630506199668,None,500.0714722065371,None,503.82238166301977,None,rshift,1,0.36515554605284706,503.82238166301977,None,503.8244555480836,None,504.4489930039854,None,504.4552383365575,None,,,,,,,,,,,,,,,,,,,,,,,,,,,,,,,,,,,,,,,,,,,,,,,,,,,,,,,,,,,,,,,,,,,,,,,,,,,,,,,,,,,,,,,,,,,,,,,,,,,,,,,,,,,,,,005,001,2022-05-17_13h16.46.950,Trial_Exp,2022.1.2,60.02147905595837,
,,,,7,0,7,0,,,,,,,,,,,,,,,,,,,,,,,,,,,,,,,,,,,,,,,,,,,,,,,,,,,,,,,,,,,,,,,,,,,,,,,,,,,,,,,,,,,,,,,515.7141019799747,None,515.7223525775305,None,521.9683117870009,None,521.9772936145658,None,525.96894208499,None,525.9787815125659,None,529.7302899790229,None,lshift,0,0.3922309710178524,529.7302899790229,None,529.7295817360922,None,530.3922198810033,None,530.3959296745364,None,,,,,,,,,,,,,,,,,,,,,,,,,,,,,,,,,,,,,,,,,,,,,,,,,,,,,,,,,,,,,,,,,,,,,,,,,,,,,,,,,,,,,,,,,,,,,,,,,,,,,,,,,,,,,,005,001,2022-05-17_13h16.46.950,Trial_Exp,2022.1.2,60.02147905595837,
,,,,8,0,8,0,,,,,,,,,,,,,,,,,,,,,,,,,,,,,,,,,,,,,,,,,,,,,,,,,,,,,,,,,,,,,,,,,,,,,,,,,,,,,,,,,,,,,,,540.647149085009,None,540.6468021314125,None,545.8930386329885,None,545.9011391725857,None,549.8993481770158,None,549.9073190125404,None,553.6534437629743,None,rshift,1,0.3520858620177023,553.6534437629743,None,553.6533520111174,None,554.2807191199972,None,554.2864373545511,None,,,,,,,,,,,,,,,,,,,,,,,,,,,,,,,,,,,,,,,,,,,,,,,,,,,,,,,,,,,,,,,,,,,,,,,,,,,,,,,,,,,,,,,,,,,,,,,,,,,,,,,,,,,,,,005,001,2022-05-17_13h16.46.950,Trial_Exp,2022.1.2,60.02147905595837,
,,,,9,0,9,0,,,,,,,,,,,,,,,,,,,,,,,,,,,,,,,,,,,,,,,,,,,,,,,,,,,,,,,,,,,,,,,,,,,,,,,,,,,,,,,,,,,,,,,564.5355399639811,None,564.5392182233976,None,570.7824998580036,None,570.7915923255845,None,574.8018796740216,None,574.8086951815407,None,578.5438052759855,None,rshift,1,0.39472281700000167,578.5438052759855,None,578.5437285300635,None,579.2033860880183,None,579.2100227555842,None,,,,,,,,,,,,,,,,,,,,,,,,,,,,,,,,,,,,,,,,,,,,,,,,,,,,,,,,,,,,,,,,,,,,,,,,,,,,,,,,,,,,,,,,,,,,,,,,,,,,,,,,,,,,,,005,001,2022-05-17_13h16.46.950,Trial_Exp,2022.1.2,60.02147905595837,
,,,,10,0,10,0,,,,,,,,,,,,,,,,,,,,,,,,,,,,,,,,,,,,,,,,,,,,,,,,,,,,,,,,,,,,,,,,,,,,,,,,,,,,,,,,,,,,,,,589.4689734469866,None,589.4776034555223,None,593.7252241210081,None,593.7322945095715,None,597.7429729619762,None,597.749104244553,None,601.4842073550099,None,rshift,1,0.2833224009955302,601.4842073550099,None,601.4842007471074,None,602.026210770011,None,602.0338370435405,None,,,,,,,,,,,,,,,,,,,,,,,,,,,,,,,,,,,,,,,,,,,,,,,,,,,,,,,,,,,,,,,,,,,,,,,,,,,,,,,,,,,,,,,,,,,,,,,,,,,,,,,,,,,,,,005,001,2022-05-17_13h16.46.950,Trial_Exp,2022.1.2,60.02147905595837,
,,,,,,,,,,,,,,,,,,,,,,,,,,,,,,,,,,,,,,,,,,,,,,,,,,,,,,,,,,,,,,,,,,,,,,,,,,,,,,,,,,,,,,,,,,,,,,,,,,,,,,,,,,,,,,,,,,,,,,,609.5335383900092,None,space,0,16.30699030001415,609.5335383900092,None,,,,,,,,,,,,,,,,,,,,,,,,,,,,,,,,,,,,,,,,,,,,,,,,,,,,,,,,,,,,,,,,,,,,,,,,,,,,,,,,,,,,,,,,,,,,,,,,,,,,,,,005,001,2022-05-17_13h16.46.950,Trial_Exp,2022.1.2,60.02147905595837,
,,,,,,,,0,0,0,0,,,,,,,,,,,,,,,,,,,,,,,,,,,,,,,,,,,,,,,,,,,,,,,,,,,,,,,,,,,,,,,,,,,,,,,,,,,,,,,,,625.8586436209735,None,,,,,,,,,,,,,,,,,,,,,,,,,,,,,,,,,632.3516553830123,None,632.3564635948918,None,638.3522847719723,None,638.3588905599375,None,642.3544876750093,None,642.3605048729281,None,646.3586478930083,None,rshift,1,0.278879405988846,646.3586478930083,None,646.3640443679818,None,647.6579952019965,None,647.6618539189279,None,,,,,,,,,,,,,,,,,,,,,,,,,,,,,,,,,,,,,,,,,,,,,,,,,,,,,,,,,,,,,,,,,,,,,,,,,,,,,,005,001,2022-05-17_13h16.46.950,Trial_Exp,2022.1.2,60.02147905595837,
,,,,,,,,1,0,1,0,,,,,,,,,,,,,,,,,,,,,,,,,,,,,,,,,,,,,,,,,,,,,,,,,,,,,,,,,,,,,,,,,,,,,,,,,,,,,,,,,,,,,,,,,,,,,,,,,,,,,,,,,,,,,,,,,,,657.664216664969,None,657.6626821008452,None,663.6598075079964,None,663.6662825999723,None,667.6601631799713,None,667.6675379519642,None,671.6615174160106,None,lshift,1,0.37101541500305757,671.6615174160106,None,671.6689420169627,None,673.0478907370125,None,673.0523411139787,None,,,,,,,,,,,,,,,,,,,,,,,,,,,,,,,,,,,,,,,,,,,,,,,,,,,,,,,,,,,,,,,,,,,,,,,,,,,,,,005,001,2022-05-17_13h16.46.950,Trial_Exp,2022.1.2,60.02147905595837,
,,,,,,,,2,0,2,0,,,,,,,,,,,,,,,,,,,,,,,,,,,,,,,,,,,,,,,,,,,,,,,,,,,,,,,,,,,,,,,,,,,,,,,,,,,,,,,,,,,,,,,,,,,,,,,,,,,,,,,,,,,,,,,,,,,684.0613315619994,None,684.0712664818973,None,689.0659743630094,None,689.0734509379312,None,693.0706019829959,None,693.0761807709408,None,697.0688920550165,None,lshift,1,0.35263544000918046,697.0688920550165,None,697.0763942789694,None,698.4386533650104,None,698.4430062379746,None,,,,,,,,,,,,,,,,,,,,,,,,,,,,,,,,,,,,,,,,,,,,,,,,,,,,,,,,,,,,,,,,,,,,,,,,,,,,,,005,001,2022-05-17_13h16.46.950,Trial_Exp,2022.1.2,60.02147905595837,
,,,,,,,,3,0,3,0,,,,,,,,,,,,,,,,,,,,,,,,,,,,,,,,,,,,,,,,,,,,,,,,,,,,,,,,,,,,,,,,,,,,,,,,,,,,,,,,,,,,,,,,,,,,,,,,,,,,,,,,,,,,,,,,,,,709.4540975039708,None,709.4607573319342,None,716.459687015973,None,716.4652202239434,None,720.4594335409929,None,720.4657077719515,None,724.463111457997,None,lshift,1,0.3594121069763787,724.463111457997,None,724.4678949429712,None,725.8449105379987,None,725.8506025449664,None,,,,,,,,,,,,,,,,,,,,,,,,,,,,,,,,,,,,,,,,,,,,,,,,,,,,,,,,,,,,,,,,,,,,,,,,,,,,,,005,001,2022-05-17_13h16.46.950,Trial_Exp,2022.1.2,60.02147905595837,
,,,,,,,,4,0,4,0,,,,,,,,,,,,,,,,,,,,,,,,,,,,,,,,,,,,,,,,,,,,,,,,,,,,,,,,,,,,,,,,,,,,,,,,,,,,,,,,,,,,,,,,,,,,,,,,,,,,,,,,,,,,,,,,,,,733.8606674720068,None,733.8676605019252,None,737.8659667110187,None,737.8732748949609,None,741.8820844319998,None,741.8899200489453,None,745.8825182889705,None,rshift,1,0.31301710195839405,745.8825182889705,None,745.8902188039559,None,747.2174648590153,None,747.2237378419435,None,,,,,,,,,,,,,,,,,,,,,,,,,,,,,,,,,,,,,,,,,,,,,,,,,,,,,,,,,,,,,,,,,,,,,,,,,,,,,,005,001,2022-05-17_13h16.46.950,Trial_Exp,2022.1.2,60.02147905595837,
,,,,,,,,5,0,5,0,,,,,,,,,,,,,,,,,,,,,,,,,,,,,,,,,,,,,,,,,,,,,,,,,,,,,,,,,,,,,,,,,,,,,,,,,,,,,,,,,,,,,,,,,,,,,,,,,,,,,,,,,,,,,,,,,,,757.2220180829754,None,757.2239309028431,None,760.2205122279702,None,760.2273633479548,None,764.220554961008,None,764.2286336669407,None,768.2224493799731,None,rshift,1,0.2620826850179583,768.2224493799731,None,768.229788273928,None,769.5089878949802,None,769.5135139419639,None,,,,,,,,,,,,,,,,,,,,,,,,,,,,,,,,,,,,,,,,,,,,,,,,,,,,,,,,,,,,,,,,,,,,,,,,,,,,,,005,001,2022-05-17_13h16.46.950,Trial_Exp,2022.1.2,60.02147905595837,
,,,,,,,,6,0,6,0,,,,,,,,,,,,,,,,,,,,,,,,,,,,,,,,,,,,,,,,,,,,,,,,,,,,,,,,,,,,,,,,,,,,,,,,,,,,,,,,,,,,,,,,,,,,,,,,,,,,,,,,,,,,,,,,,,,780.5113022779697,None,780.5142974748218,None,787.5119839769905,None,787.5187528529262,None,791.5145343680051,None,791.5199936579505,None,795.5149909629836,None,lshift,0,0.29354520101333037,795.5149909629836,None,795.5223777549749,None,796.8186845990131,None,796.8236836639757,None,,,,,,,,,,,,,,,,,,,,,,,,,,,,,,,,,,,,,,,,,,,,,,,,,,,,,,,,,,,,,,,,,,,,,,,,,,,,,,005,001,2022-05-17_13h16.46.950,Trial_Exp,2022.1.2,60.02147905595837,
,,,,,,,,7,0,7,0,,,,,,,,,,,,,,,,,,,,,,,,,,,,,,,,,,,,,,,,,,,,,,,,,,,,,,,,,,,,,,,,,,,,,,,,,,,,,,,,,,,,,,,,,,,,,,,,,,,,,,,,,,,,,,,,,,,805.8218068389688,None,805.821634891798,None,809.8176388069987,None,809.8248937119555,None,813.8192834450165,None,813.8263897659548,None,817.8200146679883,None,lshift,1,0.3405329250381328,817.8200146679883,None,817.8277012859529,None,819.1741692040232,None,819.1776664079574,None,,,,,,,,,,,,,,,,,,,,,,,,,,,,,,,,,,,,,,,,,,,,,,,,,,,,,,,,,,,,,,,,,,,,,,,,,,,,,,005,001,2022-05-17_13h16.46.950,Trial_Exp,2022.1.2,60.02147905595837,
,,,,,,,,8,0,8,0,,,,,,,,,,,,,,,,,,,,,,,,,,,,,,,,,,,,,,,,,,,,,,,,,,,,,,,,,,,,,,,,,,,,,,,,,,,,,,,,,,,,,,,,,,,,,,,,,,,,,,,,,,,,,,,,,,,828.180265175004,None,828.1784791747981,None,834.1765258719679,None,834.1820093919581,None,838.1765116910101,None,838.183393236954,None,842.1763051730231,None,lshift,0,0.26922800298780203,842.1763051730231,None,842.1847261529823,None,843.4634565089946,None,843.4680365389271,None,,,,,,,,,,,,,,,,,,,,,,,,,,,,,,,,,,,,,,,,,,,,,,,,,,,,,,,,,,,,,,,,,,,,,,,,,,,,,,005,001,2022-05-17_13h16.46.950,Trial_Exp,2022.1.2,60.02147905595837,
,,,,,,,,9,0,9,0,,,,,,,,,,,,,,,,,,,,,,,,,,,,,,,,,,,,,,,,,,,,,,,,,,,,,,,,,,,,,,,,,,,,,,,,,,,,,,,,,,,,,,,,,,,,,,,,,,,,,,,,,,,,,,,,,,,853.4765930249705,None,853.4704772238096,None,856.4822939389851,None,856.489995731978,None,860.4837068979978,None,860.4908839099284,None,864.4828022209695,None,lshift,1,0.3567441679770127,864.4828022209695,None,864.4906158579455,None,865.8531933989725,None,865.8575837899756,None,,,,,,,,,,,,,,,,,,,,,,,,,,,,,,,,,,,,,,,,,,,,,,,,,,,,,,,,,,,,,,,,,,,,,,,,,,,,,,005,001,2022-05-17_13h16.46.950,Trial_Exp,2022.1.2,60.02147905595837,
,,,,,,,,10,0,10,0,,,,,,,,,,,,,,,,,,,,,,,,,,,,,,,,,,,,,,,,,,,,,,,,,,,,,,,,,,,,,,,,,,,,,,,,,,,,,,,,,,,,,,,,,,,,,,,,,,,,,,,,,,,,,,,,,,,875.8595970859751,None,875.858468095836,None,878.8546306130011,None,878.8616129739734,None,882.8559306319803,None,882.863101769943,None,886.8558848159737,None,rshift,1,0.31164935597917065,886.8558848159737,None,886.8644151889661,None,888.1973944900092,None,888.201187652949,None,,,,,,,,,,,,,,,,,,,,,,,,,,,,,,,,,,,,,,,,,,,,,,,,,,,,,,,,,,,,,,,,,,,,,,,,,,,,,,005,001,2022-05-17_13h16.46.950,Trial_Exp,2022.1.2,60.02147905595837,
,,,,,,,,,,,,,,,,,,,,,,,,,,,,,,,,,,,,,,,,,,,,,,,,,,,,,,,,,,,,,,,,,,,,,,,,,,,,,,,,,,,,,,,,,,,,,,,,,,,,,,,,,,,,,,,,,,,,,,,896.6993209400098,None,space,0,154.0212041840423,896.6993209400098,None,,,,,,,,,,,,,,,,,,,,,,,,,,,,,,,,,,,,,,,,,,,,,,,,,,,,,,,,,,,,,,,,,,,,,,,,,,,,,,,,,,,,,,,,,,,,,,,,,,,,,,,005,001,2022-05-17_13h16.46.950,Trial_Exp,2022.1.2,60.02147905595837,
,,,,,,,,,,,,0,0,0,0,,,,,,,,,,,,,,,,,,,,,,,,,,,,,,,,,,,,,,,,,,,,,,,,,,,,,,,,,,,,,,,,,,,,,,,,,,,,,1050.7504590370227,None,,,,,,,,,,,,,,,,,,,,,,,,,,,,,,,,,,,,,,,,,,,,,,,,,,,,,,,,,,1057.2463304569828,None,1057.245507972903,None,1060.2427611559979,None,1060.2469129399456,None,1064.2424419730087,None,1064.2482300309407,None,1068.243154848984,None,rshift,1,0.32738556002732366,1068.243154848984,None,1068.249540620955,None,1069.5951970220194,None,1069.6001425279596,None,,,,,,,,,,,,,,,,,,,,,,,,,,,,,,,,,,,,,,,,,,,,,,,,,,,,,005,001,2022-05-17_13h16.46.950,Trial_Exp,2022.1.2,60.02147905595837,
,,,,,,,,,,,,1,0,1,0,,,,,,,,,,,,,,,,,,,,,,,,,,,,,,,,,,,,,,,,,,,,,,,,,,,,,,,,,,,,,,,,,,,,,,,,,,,,,,,,,,,,,,,,,,,,,,,,,,,,,,,,,,,,,,,,,,,,,,,,,,,,,,,,,,,,,,,,1080.5975128929713,None,1080.600555561838,None,1086.5997480520164,None,1086.606540949963,None,1090.6175770880072,None,1090.6236793129415,None,1094.6168248329777,None,lshift,1,0.3037008789833635,1094.6168248329777,None,1094.6236402479758,None,1095.9353109920048,None,1095.940414279938,None,,,,,,,,,,,,,,,,,,,,,,,,,,,,,,,,,,,,,,,,,,,,,,,,,,,,,005,001,2022-05-17_13h16.46.950,Trial_Exp,2022.1.2,60.02147905595837,
,,,,,,,,,,,,2,0,2,0,,,,,,,,,,,,,,,,,,,,,,,,,,,,,,,,,,,,,,,,,,,,,,,,,,,,,,,,,,,,,,,,,,,,,,,,,,,,,,,,,,,,,,,,,,,,,,,,,,,,,,,,,,,,,,,,,,,,,,,,,,,,,,,,,,,,,,,,1105.9451947729685,None,1105.9438652457961,None,1111.9375503479969,None,1111.9456050219655,None,1115.9429798719939,None,1115.9502236559697,None,1119.9393792349729,None,lshift,1,0.3260821779840626,1119.9393792349729,None,1119.9475066019281,None,1121.2765652330127,None,1121.2809105659312,None,,,,,,,,,,,,,,,,,,,,,,,,,,,,,,,,,,,,,,,,,,,,,,,,,,,,,005,001,2022-05-17_13h16.46.950,Trial_Exp,2022.1.2,60.02147905595837,
,,,,,,,,,,,,3,0,3,0,,,,,,,,,,,,,,,,,,,,,,,,,,,,,,,,,,,,,,,,,,,,,,,,,,,,,,,,,,,,,,,,,,,,,,,,,,,,,,,,,,,,,,,,,,,,,,,,,,,,,,,,,,,,,,,,,,,,,,,,,,,,,,,,,,,,,,,,1133.2852444979944,None,1133.2828189198103,None,1138.2787416509818,None,1138.2864093529702,None,1142.2821230349946,None,1142.2896422929539,None,1146.2835068890126,None,rshift,1,0.3690391799900681,1146.2835068890126,None,1146.29002613895,None,1147.6682167159743,None,1147.6730638909562,None,,,,,,,,,,,,,,,,,,,,,,,,,,,,,,,,,,,,,,,,,,,,,,,,,,,,,005,001,2022-05-17_13h16.46.950,Trial_Exp,2022.1.2,60.02147905595837,
,,,,,,,,,,,,4,0,4,0,,,,,,,,,,,,,,,,,,,,,,,,,,,,,,,,,,,,,,,,,,,,,,,,,,,,,,,,,,,,,,,,,,,,,,,,,,,,,,,,,,,,,,,,,,,,,,,,,,,,,,,,,,,,,,,,,,,,,,,,,,,,,,,,,,,,,,,,1156.6769539340166,None,1156.671585623821,None,1161.669328731019,None,1161.6769921449654,None,1165.6756181219826,None,1165.681356122956,None,1169.6708848410053,None,lshift,0,0.31264918798115104,1169.6708848410053,None,1169.6785238299694,None,1171.0078484959668,None,1171.0120472099575,None,,,,,,,,,,,,,,,,,,,,,,,,,,,,,,,,,,,,,,,,,,,,,,,,,,,,,005,001,2022-05-17_13h16.46.950,Trial_Exp,2022.1.2,60.02147905595837,
,,,,,,,,,,,,5,0,5,0,,,,,,,,,,,,,,,,,,,,,,,,,,,,,,,,,,,,,,,,,,,,,,,,,,,,,,,,,,,,,,,,,,,,,,,,,,,,,,,,,,,,,,,,,,,,,,,,,,,,,,,,,,,,,,,,,,,,,,,,,,,,,,,,,,,,,,,,1181.021266947966,None,1181.0295308668983,None,1185.0268531150068,None,1185.0328944219568,None,1189.0270954290172,None,1189.0342943959463,None,1193.0275873399805,None,lshift,1,0.28594505798537284,1193.0275873399805,None,1193.0356354779274,None,1194.3308454299695,None,1194.3356138389267,None,,,,,,,,,,,,,,,,,,,,,,,,,,,,,,,,,,,,,,,,,,,,,,,,,,,,,005,001,2022-05-17_13h16.46.950,Trial_Exp,2022.1.2,60.02147905595837,
,,,,,,,,,,,,6,0,6,0,,,,,,,,,,,,,,,,,,,,,,,,,,,,,,,,,,,,,,,,,,,,,,,,,,,,,,,,,,,,,,,,,,,,,,,,,,,,,,,,,,,,,,,,,,,,,,,,,,,,,,,,,,,,,,,,,,,,,,,,,,,,,,,,,,,,,,,,1204.3383447270025,None,1204.3379748748325,None,1207.3334809410153,None,1207.3399219589833,None,1211.3338047980214,None,1211.3404093009362,None,1215.3330875309766,None,rshift,1,0.3134431379730813,1215.3330875309766,None,1215.3414420569375,None,1216.6693656159914,None,1216.6758748689376,None,,,,,,,,,,,,,,,,,,,,,,,,,,,,,,,,,,,,,,,,,,,,,,,,,,,,,005,001,2022-05-17_13h16.46.950,Trial_Exp,2022.1.2,60.02147905595837,
,,,,,,,,,,,,7,0,7,0,,,,,,,,,,,,,,,,,,,,,,,,,,,,,,,,,,,,,,,,,,,,,,,,,,,,,,,,,,,,,,,,,,,,,,,,,,,,,,,,,,,,,,,,,,,,,,,,,,,,,,,,,,,,,,,,,,,,,,,,,,,,,,,,,,,,,,,,1225.674747704994,None,1225.6779314908258,None,1232.6730953680235,None,1232.6804049049447,None,1236.6761784550035,None,1236.6816102119687,None,1240.675739347993,None,lshift,1,0.3257893440313637,1240.675739347993,None,1240.6822332489596,None,1242.0112023170223,None,1242.0165005689546,None,,,,,,,,,,,,,,,,,,,,,,,,,,,,,,,,,,,,,,,,,,,,,,,,,,,,,005,001,2022-05-17_13h16.46.950,Trial_Exp,2022.1.2,60.02147905595837,
,,,,,,,,,,,,8,0,8,0,,,,,,,,,,,,,,,,,,,,,,,,,,,,,,,,,,,,,,,,,,,,,,,,,,,,,,,,,,,,,,,,,,,,,,,,,,,,,,,,,,,,,,,,,,,,,,,,,,,,,,,,,,,,,,,,,,,,,,,,,,,,,,,,,,,,,,,,1252.0205237930059,None,1252.0322952279357,None,1258.0153212869773,None,1258.022327924968,None,1262.0155278129969,None,1262.0233232099622,None,1266.0159564359928,None,lshift,1,0.30957116500940174,1266.0159564359928,None,1266.023452297965,None,1267.3369145420147,None,1267.3406451899268,None,,,,,,,,,,,,,,,,,,,,,,,,,,,,,,,,,,,,,,,,,,,,,,,,,,,,,005,001,2022-05-17_13h16.46.950,Trial_Exp,2022.1.2,60.02147905595837,
,,,,,,,,,,,,9,0,9,0,,,,,,,,,,,,,,,,,,,,,,,,,,,,,,,,,,,,,,,,,,,,,,,,,,,,,,,,,,,,,,,,,,,,,,,,,,,,,,,,,,,,,,,,,,,,,,,,,,,,,,,,,,,,,,,,,,,,,,,,,,,,,,,,,,,,,,,,1275.341365528002,None,1275.340120809799,None,1282.3376344339922,None,1282.344679518958,None,1286.342480509018,None,1286.3492745659373,None,1290.3397040310083,None,rshift,1,0.35182947100838646,1290.3397040310083,None,1290.3465256369732,None,1291.7098083649762,None,1291.7141690619815,None,,,,,,,,,,,,,,,,,,,,,,,,,,,,,,,,,,,,,,,,,,,,,,,,,,,,,005,001,2022-05-17_13h16.46.950,Trial_Exp,2022.1.2,60.02147905595837,
,,,,,,,,,,,,10,0,10,0,,,,,,,,,,,,,,,,,,,,,,,,,,,,,,,,,,,,,,,,,,,,,,,,,,,,,,,,,,,,,,,,,,,,,,,,,,,,,,,,,,,,,,,,,,,,,,,,,,,,,,,,,,,,,,,,,,,,,,,,,,,,,,,,,,,,,,,,1300.7169265049743,None,1300.713966944843,None,1304.7108466979698,None,1304.7176333339362,None,1308.7098429679754,None,1308.7187395899732,None,1312.7117992760031,None,lshift,0,0.29473025299375877,1312.7117992760031,None,1312.720155429974,None,1314.031034810003,None,1314.036772762955,None,,,,,,,,,,,,,,,,,,,,,,,,,,,,,,,,,,,,,,,,,,,,,,,,,,,,,005,001,2022-05-17_13h16.46.950,Trial_Exp,2022.1.2,60.02147905595837,
,,,,,,,,,,,,,,,,,,,,,,,,,,,,,,,,,,,,,,,,,,,,,,,,,,,,,,,,,,,,,,,,,,,,,,,,,,,,,,,,,,,,,,,,,,,,,,,,,,,,,,,,,,,,,,,,,,,,,,,1322.5386679230141,None,space,0,9.19685779500287,1322.5386679230141,None,,,,,,,,,,,,,,,,,,,,,,,,,,,,,,,,,,,,,,,,,,,,,,,,,,,,,,,,,,,,,,,,,,,,,,,,,,,,,,,,,,,,,,,,,,,,,,,,,,,,,,,005,001,2022-05-17_13h16.46.950,Trial_Exp,2022.1.2,60.02147905595837,
,,,,,,,,,,,,,,,,0,0,0,0,,,,,,,,,,,,,,,,,,,,,,,,,,,,,,,,,,,,,,,,,,,,,,,,,,,,,,,,,,,,,,,,,,,,,,,,,1331.7610825650045,None,,,,,,,,,,,,,,,,,,,,,,,,,,,,,,,,,,,,,,,,,,,,,,,,,,,,,,,,,,,,,,,,,,,,,,,,,,,,,,,,,,,1338.2575401329668,None,1338.2598085748673,None,1344.2553320109728,None,1344.2623339219776,None,1348.2565685149748,None,1348.263770841941,None,1352.264937449951,None,1352.2562323919847,None,rshift,1,0.35529815894551575,1352.2562323919847,None,1353.6263747760095,None,1353.6316152279674,1354.621677912015,,,,,,,,,,,,,,,,,,,,,,,,,,,,005,001,2022-05-17_13h16.46.950,Trial_Exp,2022.1.2,60.02147905595837,
,,,,,,,,,,,,,,,,1,0,1,0,,,,,,,,,,,,,,,,,,,,,,,,,,,,,,,,,,,,,,,,,,,,,,,,,,,,,,,,,,,,,,,,,,,,,,,,,,,,,,,,,,,,,,,,,,,,,,,,,,,,,,,,,,,,,,,,,,,,,,,,,,,,,,,,,,,,,,,,,,,,,,,,,,,,,,,,,,,,,1364.6283265490201,None,1364.6328401117994,None,1370.6298671760014,None,1370.6364000529343,None,1374.6318460559705,None,1374.639016965934,None,1378.6399994409353,None,1378.6316915879725,None,lshift,1,0.3168538570171222,1378.6316915879725,None,1379.9666894460097,None,1379.973058027978,1380.9752118159668,,,,,,,,,,,,,,,,,,,,,,,,,,,,005,001,2022-05-17_13h16.46.950,Trial_Exp,2022.1.2,60.02147905595837,
,,,,,,,,,,,,,,,,2,0,2,0,,,,,,,,,,,,,,,,,,,,,,,,,,,,,,,,,,,,,,,,,,,,,,,,,,,,,,,,,,,,,,,,,,,,,,,,,,,,,,,,,,,,,,,,,,,,,,,,,,,,,,,,,,,,,,,,,,,,,,,,,,,,,,,,,,,,,,,,,,,,,,,,,,,,,,,,,,,,,1387.9790992949856,None,1387.974805766839,None,1391.9693023419823,None,1391.9764100139787,None,1395.975735593005,None,1395.9809522589844,None,1399.9782087769768,None,1399.969479546009,None,rshift,1,0.39605732198106125,1399.969479546009,None,1401.3763002459891,None,1401.381181406969,1402.3813577339752,,,,,,,,,,,,,,,,,,,,,,,,,,,,005,001,2022-05-17_13h16.46.950,Trial_Exp,2022.1.2,60.02147905595837,
,,,,,,,,,,,,,,,,3,0,3,0,,,,,,,,,,,,,,,,,,,,,,,,,,,,,,,,,,,,,,,,,,,,,,,,,,,,,,,,,,,,,,,,,,,,,,,,,,,,,,,,,,,,,,,,,,,,,,,,,,,,,,,,,,,,,,,,,,,,,,,,,,,,,,,,,,,,,,,,,,,,,,,,,,,,,,,,,,,,,1411.3878524589818,None,1411.3956743389253,None,1417.3932511520106,None,1417.400451283966,None,1421.4122627429897,None,1421.4173664629402,None,1425.4112783089572,None,1425.404092259996,None,lshift,1,0.6834383949753828,1425.404092259996,None,1427.0971503920155,None,1427.1030426129641,1428.1053494560183,,,,,,,,,,,,,,,,,,,,,,,,,,,,005,001,2022-05-17_13h16.46.950,Trial_Exp,2022.1.2,60.02147905595837,
,,,,,,,,,,,,,,,,4,0,4,0,,,,,,,,,,,,,,,,,,,,,,,,,,,,,,,,,,,,,,,,,,,,,,,,,,,,,,,,,,,,,,,,,,,,,,,,,,,,,,,,,,,,,,,,,,,,,,,,,,,,,,,,,,,,,,,,,,,,,,,,,,,,,,,,,,,,,,,,,,,,,,,,,,,,,,,,,,,,,1436.1013678259915,None,1436.1045873988246,None,1439.1000438340125,None,1439.10671280197,None,1443.1002218790236,None,1443.107515511982,None,1447.1089177469316,None,1447.100747274002,None,lshift,1,0.8337867399677634,1447.100747274002,None,1448.9541023159982,None,1448.9590329589614,1449.961573978013,,,,,,,,,,,,,,,,,,,,,,,,,,,,005,001,2022-05-17_13h16.46.950,Trial_Exp,2022.1.2,60.02147905595837,
,,,,,,,,,,,,,,,,5,0,5,0,,,,,,,,,,,,,,,,,,,,,,,,,,,,,,,,,,,,,,,,,,,,,,,,,,,,,,,,,,,,,,,,,,,,,,,,,,,,,,,,,,,,,,,,,,,,,,,,,,,,,,,,,,,,,,,,,,,,,,,,,,,,,,,,,,,,,,,,,,,,,,,,,,,,,,,,,,,,,1456.9545994969667,None,1456.9581019388338,None,1459.955004849995,None,1459.962109303981,None,1463.9554694190156,None,1463.963280413946,None,1467.9646090759838,None,1467.9555496940156,None,lshift,1,0.2570022249710746,1467.9555496940156,None,1469.2262805849896,None,1469.2314921889397,1470.2350240459782,,,,,,,,,,,,,,,,,,,,,,,,,,,,005,001,2022-05-17_13h16.46.950,Trial_Exp,2022.1.2,60.02147905595837,
,,,,,,,,,,,,,,,,6,0,6,0,,,,,,,,,,,,,,,,,,,,,,,,,,,,,,,,,,,,,,,,,,,,,,,,,,,,,,,,,,,,,,,,,,,,,,,,,,,,,,,,,,,,,,,,,,,,,,,,,,,,,,,,,,,,,,,,,,,,,,,,,,,,,,,,,,,,,,,,,,,,,,,,,,,,,,,,,,,,,1478.2355200409656,None,1478.232244396821,None,1484.228457367979,None,1484.235820754961,None,1488.2311086669797,None,1488.2391901859723,None,1492.2398514559668,None,1492.2331647609826,None,lshift,0,0.2613602440105751,1492.2331647609826,None,1493.5183080260176,None,1493.523360470956,1494.525333439,,,,,,,,,,,,,,,,,,,,,,,,,,,,005,001,2022-05-17_13h16.46.950,Trial_Exp,2022.1.2,60.02147905595837,
,,,,,,,,,,,,,,,,7,0,7,0,,,,,,,,,,,,,,,,,,,,,,,,,,,,,,,,,,,,,,,,,,,,,,,,,,,,,,,,,,,,,,,,,,,,,,,,,,,,,,,,,,,,,,,,,,,,,,,,,,,,,,,,,,,,,,,,,,,,,,,,,,,,,,,,,,,,,,,,,,,,,,,,,,,,,,,,,,,,,1503.5206694939989,None,1503.5228251448193,None,1509.5192357419874,None,1509.5266374799598,None,1513.5263443239965,None,1513.52771272994,None,1517.5290545309604,None,1517.5216781239724,None,lshift,1,0.3208501909975894,1517.5216781239724,None,1518.8597541159834,None,1518.8626301069803,1519.864765546983,,,,,,,,,,,,,,,,,,,,,,,,,,,,005,001,2022-05-17_13h16.46.950,Trial_Exp,2022.1.2,60.02147905595837,
,,,,,,,,,,,,,,,,8,0,8,0,,,,,,,,,,,,,,,,,,,,,,,,,,,,,,,,,,,,,,,,,,,,,,,,,,,,,,,,,,,,,,,,,,,,,,,,,,,,,,,,,,,,,,,,,,,,,,,,,,,,,,,,,,,,,,,,,,,,,,,,,,,,,,,,,,,,,,,,,,,,,,,,,,,,,,,,,,,,,1528.8620937300147,None,1528.8633415348072,None,1531.8618642159854,None,1531.8693580609456,None,1535.8638508340227,None,1535.8711673029525,None,1539.8850751659543,None,1539.8774975410197,None,rshift,1,0.3330348200397566,1539.8774975410197,None,1541.2297544199973,None,1541.2352177279595,1542.2382255059783,,,,,,,,,,,,,,,,,,,,,,,,,,,,005,001,2022-05-17_13h16.46.950,Trial_Exp,2022.1.2,60.02147905595837,
,,,,,,,,,,,,,,,,9,0,9,0,,,,,,,,,,,,,,,,,,,,,,,,,,,,,,,,,,,,,,,,,,,,,,,,,,,,,,,,,,,,,,,,,,,,,,,,,,,,,,,,,,,,,,,,,,,,,,,,,,,,,,,,,,,,,,,,,,,,,,,,,,,,,,,,,,,,,,,,,,,,,,,,,,,,,,,,,,,,,1552.2224673639867,None,1552.2251076548187,None,1555.2179753570235,None,1555.2250326799754,None,1559.23407937499,None,1559.240899185947,None,1563.2255594849762,None,1563.2190882479772,None,rshift,1,0.40744355198694393,1563.2190882479772,None,1564.637000038987,None,1564.6421060319467,1565.6452683919924,,,,,,,,,,,,,,,,,,,,,,,,,,,,005,001,2022-05-17_13h16.46.950,Trial_Exp,2022.1.2,60.02147905595837,
,,,,,,,,,,,,,,,,10,0,10,0,,,,,,,,,,,,,,,,,,,,,,,,,,,,,,,,,,,,,,,,,,,,,,,,,,,,,,,,,,,,,,,,,,,,,,,,,,,,,,,,,,,,,,,,,,,,,,,,,,,,,,,,,,,,,,,,,,,,,,,,,,,,,,,,,,,,,,,,,,,,,,,,,,,,,,,,,,,,,1573.6575494660065,None,1573.6595931179008,None,1576.6553411509958,None,1576.6630429059792,None,1580.6719009259832,None,1580.6799767569814,None,1584.6645556199423,None,1584.6591292879893,None,rshift,1,0.38640067499363795,1584.6591292879893,None,1586.059553205967,None,1586.0648766839354,1587.0678430189728,,,,,,,,,,,,,,,,,,,,,,,,,,,,005,001,2022-05-17_13h16.46.950,Trial_Exp,2022.1.2,60.02147905595837,
,,,,,,,,,,,,,,,,,,,,,,,,,,,,,,,,,,,,,,,,,,,,,,,,,,,,,,,,,,,,,,,,,,,,,,,,,,,,,,,,,,,,,,,,,,,,,,,,,,,,,,,,,,,,,,,,,,,,,,,1596.5604569229763,None,space,0,24.64506201003678,1596.5604569229763,None,,,,,,,,,,,,,,,,,,,,,,,,,,,,,,,,,,,,,,,,,,,,,,,,,,,,,,,,,,,,,,,,,,,,,,,,,,,,,,,,,,,,,,,,,,,,,,,,,,,,,,,005,001,2022-05-17_13h16.46.950,Trial_Exp,2022.1.2,60.02147905595837,
,,,,,,,,,,,,,,,,,,,,0,0,0,0,,,,,,,,,,,,,,,,,,,,,,,,,,,,,,,,,,,,,,,,,,,,,,,,,,,,,,,,,,,,,,,,,,,,,1621.2278055109782,None,,,,,,,,,,,,,,,,,,,,,,,,,,,,,,,,,,,,,,,,,,,,,,,,,,,,,,,,,,,,,,,,,,,,,,,,,,,,,,,,,,,,,,,,,,,,,,,,,,,,,,,,,,,,1627.7208963389858,None,1627.7263274248749,None,1630.7285168570234,None,1630.7352692449408,None,1634.7386713110027,None,1634.7457967519354,None,1638.7391578559764,None,1638.7470520349511,None,lshift,1,0.3213750969734974,1638.7391578559764,None,1640.074732077017,None,1640.0806224529574,None,,,005,001,2022-05-17_13h16.46.950,Trial_Exp,2022.1.2,60.02147905595837,
,,,,,,,,,,,,,,,,,,,,1,0,1,0,,,,,,,,,,,,,,,,,,,,,,,,,,,,,,,,,,,,,,,,,,,,,,,,,,,,,,,,,,,,,,,,,,,,,,,,,,,,,,,,,,,,,,,,,,,,,,,,,,,,,,,,,,,,,,,,,,,,,,,,,,,,,,,,,,,,,,,,,,,,,,,,,,,,,,,,,,,,,,,,,,,,,,,,,,,,,,,,,,1650.0686219939962,None,1650.0706187367964,None,1657.06312672497,None,1657.0693104139705,None,1661.0793611539993,None,1661.0865120509466,None,1665.0647456159932,None,1665.0734374259541,None,rshift,1,0.29477585799759254,1665.0647456159932,None,1666.3835057740216,None,1666.3899145429664,None,,,005,001,2022-05-17_13h16.46.950,Trial_Exp,2022.1.2,60.02147905595837,
,,,,,,,,,,,,,,,,,,,,2,0,2,0,,,,,,,,,,,,,,,,,,,,,,,,,,,,,,,,,,,,,,,,,,,,,,,,,,,,,,,,,,,,,,,,,,,,,,,,,,,,,,,,,,,,,,,,,,,,,,,,,,,,,,,,,,,,,,,,,,,,,,,,,,,,,,,,,,,,,,,,,,,,,,,,,,,,,,,,,,,,,,,,,,,,,,,,,,,,,,,,,,1676.3871955790091,None,1676.3914253928292,None,1683.3858367669745,None,1683.3932894939267,None,1687.3885250349995,None,1687.394718669943,None,1691.3864142459934,None,1691.3950790649455,None,rshift,1,0.2971273480216041,1691.3864142459934,None,1692.7053326789755,None,1692.7127886589792,None,,,005,001,2022-05-17_13h16.46.950,Trial_Exp,2022.1.2,60.02147905595837,
,,,,,,,,,,,,,,,,,,,,3,0,3,0,,,,,,,,,,,,,,,,,,,,,,,,,,,,,,,,,,,,,,,,,,,,,,,,,,,,,,,,,,,,,,,,,,,,,,,,,,,,,,,,,,,,,,,,,,,,,,,,,,,,,,,,,,,,,,,,,,,,,,,,,,,,,,,,,,,,,,,,,,,,,,,,,,,,,,,,,,,,,,,,,,,,,,,,,,,,,,,,,,1702.710160292976,None,1702.7136553608057,None,1705.7092412770144,None,1705.7152903929295,None,1709.709814391972,None,1709.7174341189734,None,1713.710180162976,None,1713.7186426469766,None,rshift,1,0.241345442016609,1713.710180162976,None,1714.9628971479833,None,1714.96878187196,None,,,005,001,2022-05-17_13h16.46.950,Trial_Exp,2022.1.2,60.02147905595837,
,,,,,,,,,,,,,,,,,,,,4,0,4,0,,,,,,,,,,,,,,,,,,,,,,,,,,,,,,,,,,,,,,,,,,,,,,,,,,,,,,,,,,,,,,,,,,,,,,,,,,,,,,,,,,,,,,,,,,,,,,,,,,,,,,,,,,,,,,,,,,,,,,,,,,,,,,,,,,,,,,,,,,,,,,,,,,,,,,,,,,,,,,,,,,,,,,,,,,,,,,,,,,1722.9789662560215,None,1722.9885595049245,None,1729.9855513549992,None,1729.9903863879795,None,1733.9835503899958,None,1733.9910049189407,None,1737.9835468910169,None,1737.9924067259476,None,lshift,1,0.42597560002468526,1737.9835468910169,None,1739.42383251898,None,1739.4259716589645,None,,,005,001,2022-05-17_13h16.46.950,Trial_Exp,2022.1.2,60.02147905595837,
,,,,,,,,,,,,,,,,,,,,5,0,5,0,,,,,,,,,,,,,,,,,,,,,,,,,,,,,,,,,,,,,,,,,,,,,,,,,,,,,,,,,,,,,,,,,,,,,,,,,,,,,,,,,,,,,,,,,,,,,,,,,,,,,,,,,,,,,,,,,,,,,,,,,,,,,,,,,,,,,,,,,,,,,,,,,,,,,,,,,,,,,,,,,,,,,,,,,,,,,,,,,,1751.4398506769794,None,1751.4439868808959,None,1755.4391269349726,None,1755.4469208619616,None,1759.4422789019882,None,1759.4484576649324,None,1763.4430186160025,None,1763.4497252659698,None,lshift,1,0.355547854967881,1763.4430186160025,None,1764.8125647869892,None,1764.8165187499312,None,,,005,001,2022-05-17_13h16.46.950,Trial_Exp,2022.1.2,60.02147905595837,
,,,,,,,,,,,,,,,,,,,,6,0,6,0,,,,,,,,,,,,,,,,,,,,,,,,,,,,,,,,,,,,,,,,,,,,,,,,,,,,,,,,,,,,,,,,,,,,,,,,,,,,,,,,,,,,,,,,,,,,,,,,,,,,,,,,,,,,,,,,,,,,,,,,,,,,,,,,,,,,,,,,,,,,,,,,,,,,,,,,,,,,,,,,,,,,,,,,,,,,,,,,,,1772.8194495089701,None,1772.8169771287999,None,1779.8150853510015,None,1779.8223299549486,None,1783.8161237380118,None,1783.8236062079727,None,1787.8159538569744,None,1787.823493876966,None,lshift,1,0.3955803369753994,1787.8159538569744,None,1789.2356249989825,None,1789.2401622329548,None,,,005,001,2022-05-17_13h16.46.950,Trial_Exp,2022.1.2,60.02147905595837,
,,,,,,,,,,,,,,,,,,,,7,0,7,0,,,,,,,,,,,,,,,,,,,,,,,,,,,,,,,,,,,,,,,,,,,,,,,,,,,,,,,,,,,,,,,,,,,,,,,,,,,,,,,,,,,,,,,,,,,,,,,,,,,,,,,,,,,,,,,,,,,,,,,,,,,,,,,,,,,,,,,,,,,,,,,,,,,,,,,,,,,,,,,,,,,,,,,,,,,,,,,,,,1799.245626357966,None,1799.2424113358197,None,1806.2376393179875,None,1806.2449947509508,None,1810.238497630984,None,1810.2462401909347,None,1814.2396842719754,None,1814.2475332779636,None,lshift,1,0.4458588119596243,1814.2396842719754,None,1815.70981996099,None,1815.7143974109845,None,,,005,001,2022-05-17_13h16.46.950,Trial_Exp,2022.1.2,60.02147905595837,
,,,,,,,,,,,,,,,,,,,,8,0,8,0,,,,,,,,,,,,,,,,,,,,,,,,,,,,,,,,,,,,,,,,,,,,,,,,,,,,,,,,,,,,,,,,,,,,,,,,,,,,,,,,,,,,,,,,,,,,,,,,,,,,,,,,,,,,,,,,,,,,,,,,,,,,,,,,,,,,,,,,,,,,,,,,,,,,,,,,,,,,,,,,,,,,,,,,,,,,,,,,,,1827.7141531209927,None,1827.716248549818,None,1834.7132352810004,None,1834.7199198129297,None,1838.7175468659843,None,1838.7253749219294,None,1842.71553730499,None,1842.7230996819621,None,lshift,0,0.28798943501897156,1842.71553730499,None,1844.018690878991,None,1844.023358169949,None,,,005,001,2022-05-17_13h16.46.950,Trial_Exp,2022.1.2,60.02147905595837,
,,,,,,,,,,,,,,,,,,,,9,0,9,0,,,,,,,,,,,,,,,,,,,,,,,,,,,,,,,,,,,,,,,,,,,,,,,,,,,,,,,,,,,,,,,,,,,,,,,,,,,,,,,,,,,,,,,,,,,,,,,,,,,,,,,,,,,,,,,,,,,,,,,,,,,,,,,,,,,,,,,,,,,,,,,,,,,,,,,,,,,,,,,,,,,,,,,,,,,,,,,,,,1855.0200672359788,None,1855.0235721388076,None,1862.0211549670203,None,1862.0282624869783,None,1866.0225612479844,None,1866.0286986929773,None,1870.022169628006,None,1870.0299587129325,None,rshift,1,0.32535639801062644,1870.022169628006,None,1871.3587139900192,None,1871.3636365619664,None,,,005,001,2022-05-17_13h16.46.950,Trial_Exp,2022.1.2,60.02147905595837,
,,,,,,,,,,,,,,,,,,,,10,0,10,0,,,,,,,,,,,,,,,,,,,,,,,,,,,,,,,,,,,,,,,,,,,,,,,,,,,,,,,,,,,,,,,,,,,,,,,,,,,,,,,,,,,,,,,,,,,,,,,,,,,,,,,,,,,,,,,,,,,,,,,,,,,,,,,,,,,,,,,,,,,,,,,,,,,,,,,,,,,,,,,,,,,,,,,,,,,,,,,,,,1882.3755466669681,None,1882.3804382609205,None,1885.3771992329857,None,1885.3844654469344,None,1889.377345159999,None,1889.385640186962,None,1893.380810727016,None,1893.38707359095,None,lshift,0,0.34571858699200675,1893.380810727016,None,1894.7482766709873,None,1894.753710276977,None,,,005,001,2022-05-17_13h16.46.950,Trial_Exp,2022.1.2,60.02147905595837,
,,,,,,,,,,,,,,,,,,,,,,,,,,,,,,,,,,,,,,,,,,,,,,,,,,,,,,,,,,,,,,,,,,,,,,,,,,,,,,,,,,,,,,,,,,,,,,,,,,,,,,,,,,,,,,,,,,,,,,,,,,,,,,,,,,,,,,,,,,,,,,,,,,,,,,,,,,,,,,,,,,,,,,,,,,,,,,,,,,,,,,,,,,,,,,,,,,,,,,,,,,,,,,,,,,,,,,,,,,,,,,,,,,1905.2387160530197,None,,,,,,,
