﻿trials_6.thisRepN,trials_6.thisTrialN,trials_6.thisN,trials_6.thisIndex,trials.thisRepN,trials.thisTrialN,trials.thisN,trials.thisIndex,trials_2.thisRepN,trials_2.thisTrialN,trials_2.thisN,trials_2.thisIndex,trials_3.thisRepN,trials_3.thisTrialN,trials_3.thisN,trials_3.thisIndex,trials_4.thisRepN,trials_4.thisTrialN,trials_4.thisN,trials_4.thisIndex,trials_5.thisRepN,trials_5.thisTrialN,trials_5.thisN,trials_5.thisIndex,text_6.started,text_6.stopped,button_2.started,button_2.stopped,button_2.numClicks,button_2.timesOn,button_2.timesOff,key_resp_11.keys,key_resp_11.rt,key_resp_11.started,key_resp_11.stopped,text_8.started,text_8.stopped,text_4.started,text_4.stopped,button.started,button.stopped,button.numClicks,button.timesOn,button.timesOff,key_resp_12.keys,key_resp_12.rt,key_resp_12.started,key_resp_12.stopped,text_7.started,text_7.stopped,key_resp_8.keys,key_resp_8.rt,key_resp_8.started,key_resp_8.stopped,sound_31.started,sound_31.stopped,text_10.started,text_10.stopped,image.started,image.stopped,polygon_26.started,polygon_26.stopped,sound_26.started,sound_26.stopped,polygon_27.started,polygon_27.stopped,sound_27.started,sound_27.stopped,polygon_28.started,polygon_28.stopped,sound_28.started,sound_28.stopped,polygon_29.started,polygon_29.stopped,sound_29.started,sound_29.stopped,key_resp_10.keys,key_resp_10.corr,key_resp_10.rt,key_resp_10.started,key_resp_10.stopped,polygon_30.started,polygon_30.stopped,sound_30.started,sound_30.stopped,text.started,text.stopped,key_resp_2.keys,key_resp_2.corr,key_resp_2.rt,key_resp_2.started,key_resp_2.stopped,polygon_31.started,polygon_31.stopped,polygon.started,polygon.stopped,sound_1.started,sound_1.stopped,polygon_3.started,polygon_3.stopped,sound_2.started,sound_2.stopped,polygon_4.started,polygon_4.stopped,sound_3.started,sound_3.stopped,polygon_2.started,polygon_2.stopped,key_resp.keys,key_resp.corr,key_resp.rt,key_resp.started,key_resp.stopped,sound_4.started,sound_4.stopped,polygon_5.started,polygon_5.stopped,sound_5.started,sound_5.stopped,text_2.started,text_2.stopped,key_resp_3.keys,key_resp_3.corr,key_resp_3.rt,key_resp_3.started,key_resp_3.stopped,polygon_6.started,polygon_6.stopped,sound_6.started,sound_6.stopped,polygon_7.started,polygon_7.stopped,sound_7.started,sound_7.stopped,polygon_8.started,polygon_8.stopped,sound_8.started,sound_8.stopped,polygon_9.started,polygon_9.stopped,key_resp_4.keys,key_resp_4.corr,key_resp_4.rt,key_resp_4.started,key_resp_4.stopped,sound_9.started,sound_9.stopped,polygon_24.started,polygon_24.stopped,sound_24.started,sound_24.stopped,polygon_10.started,polygon_10.stopped,sound_10.started,sound_10.stopped,polygon_11.started,polygon_11.stopped,sound_11.started,sound_11.stopped,polygon_12.started,polygon_12.stopped,sound_12.started,sound_12.stopped,polygon_13.started,polygon_13.stopped,key_resp_5.keys,key_resp_5.corr,key_resp_5.rt,key_resp_5.started,key_resp_5.stopped,sound_13.started,sound_13.stopped,polygon_25.started,polygon_25.stopped,sound_25.started,sound_25.stopped,polygon_14.started,polygon_14.stopped,sound_14.started,sound_14.stopped,polygon_15.started,polygon_15.stopped,sound_15.started,sound_15.stopped,polygon_16.started,polygon_16.stopped,sound_16.started,sound_16.stopped,sound_17.started,sound_17.stopped,polygon_17.started,polygon_17.stopped,key_resp_6.keys,key_resp_6.corr,key_resp_6.rt,key_resp_6.started,key_resp_6.stopped,polygon_18.started,polygon_18.stopped,sound_18.started,sound_18.stopped,polygon_19.started,polygon_19.stopped,sound_19.started,sound_19.stopped,polygon_20.started,polygon_20.stopped,sound_20.started,sound_20.stopped,polygon_21.started,polygon_21.stopped,sound_21.started,sound_21.stopped,polygon_22.started,polygon_22.stopped,sound_22.started,sound_22.stopped,key_resp_7.keys,key_resp_7.corr,key_resp_7.rt,key_resp_7.started,key_resp_7.stopped,polygon_23.started,polygon_23.stopped,sound_23.started,sound_23.stopped,text_3.started,text_3.stopped,participant,session,date,expName,psychopyVersion,frameRate,
,,,,,,,,,,,,,,,,,,,,,,,,25.04337701300392,None,25.04337701300392,None,0,,,space,24.92635289998725,26.02774261898594,None,,,,,,,,,,,,,,,,,,,,,,,,,,,,,,,,,,,,,,,,,,,,,,,,,,,,,,,,,,,,,,,,,,,,,,,,,,,,,,,,,,,,,,,,,,,,,,,,,,,,,,,,,,,,,,,,,,,,,,,,,,,,,,,,,,,,,,,,,,,,,,,,,,,,,,,,,,,,,,,,,,,,,,,,,,,,,,,,,,,,,,,,,,,,,,,,,,007,001,2022-05-19_17h49.14.888,Trial_Exp,2022.1.2,60.9272483990545,
,,,,,,,,,,,,,,,,,,,,,,,,,,,,,,,,,,,50.98479644197505,None,65.98902886296855,None,65.98902886296855,None,0,,,space,6.840178579033818,66.95591404597508,None,,,,,,,,,,,,,,,,,,,,,,,,,,,,,,,,,,,,,,,,,,,,,,,,,,,,,,,,,,,,,,,,,,,,,,,,,,,,,,,,,,,,,,,,,,,,,,,,,,,,,,,,,,,,,,,,,,,,,,,,,,,,,,,,,,,,,,,,,,,,,,,,,,,,,,,,,,,,,,,,,,,,,,,,,,,,,,,,,,,,,007,001,2022-05-19_17h49.14.888,Trial_Exp,2022.1.2,60.9272483990545,
,,,,,,,,,,,,,,,,,,,,,,,,,,,,,,,,,,,,,,,,,,,,,,,,73.8243064690032,None,space,125.54477991297608,73.8243064690032,None,,,,,,,,,,,,,,,,,,,,,,,,,,,,,,,,,,,,,,,,,,,,,,,,,,,,,,,,,,,,,,,,,,,,,,,,,,,,,,,,,,,,,,,,,,,,,,,,,,,,,,,,,,,,,,,,,,,,,,,,,,,,,,,,,,,,,,,,,,,,,,,,,,,,,,,,,,,,,,,,,,,,,,,,,,,,,,,007,001,2022-05-19_17h49.14.888,Trial_Exp,2022.1.2,60.9272483990545,
0,0,0,0,,,,,,,,,,,,,,,,,,,,,,,,,,,,,,,,,,,,,,,,,,,,,,,,,,,73.82416280747857,74.82531120599015,73.8243064690032,None,73.8243064690032,None,199.3944222399732,None,199.3943917524768,None,204.39572582597611,None,204.39585750246187,None,208.39630163199035,None,208.39625799945787,None,212.39752529398538,None,212.3976397364633,None,lshift,1,4.644553234975319,212.39752529398538,None,217.06586594396504,None,217.06558570049236,218.06603705097223,,,,,,,,,,,,,,,,,,,,,,,,,,,,,,,,,,,,,,,,,,,,,,,,,,,,,,,,,,,,,,,,,,,,,,,,,,,,,,,,,,,,,,,,,,,,,,,,,,,,,,,,,,,,,,,,,,,,,,,,,,,,,,,,,,,,,,,,,,,,,,,,007,001,2022-05-19_17h49.14.888,Trial_Exp,2022.1.2,60.9272483990545,
1,0,1,0,,,,,,,,,,,,,,,,,,,,,,,,,,,,,,,,,,,,,,,,,,,,,,,,,,,,,,,,,224.06739729997935,None,224.06742046748985,None,229.06885256100213,None,229.068926882511,None,233.07017581898253,None,233.07008052249438,None,237.07155387999956,None,237.07139765749451,None,rshift,1,0.9225285510183312,237.07155387999956,None,238.02148144197417,None,238.02143660646396,239.02178798196837,,,,,,,,,,,,,,,,,,,,,,,,,,,,,,,,,,,,,,,,,,,,,,,,,,,,,,,,,,,,,,,,,,,,,,,,,,,,,,,,,,,,,,,,,,,,,,,,,,,,,,,,,,,,,,,,,,,,,,,,,,,,,,,,,,,,,,,,,,,,,,,,007,001,2022-05-19_17h49.14.888,Trial_Exp,2022.1.2,60.9272483990545,
2,0,2,0,,,,,,,,,,,,,,,,,,,,,,,,,,,,,,,,,,,,,,,,,,,,,,,,,,,,,,,,,245.02408108901,None,245.02409839448518,None,250.02568902098574,None,250.0255772544653,None,254.0154692690121,None,254.02522691850317,None,258.02734235301614,None,258.02731175347,None,lshift,1,1.0358059299760498,258.02734235301614,None,259.0943042639992,None,259.0939961805008,260.0950198720093,,,,,,,,,,,,,,,,,,,,,,,,,,,,,,,,,,,,,,,,,,,,,,,,,,,,,,,,,,,,,,,,,,,,,,,,,,,,,,,,,,,,,,,,,,,,,,,,,,,,,,,,,,,,,,,,,,,,,,,,,,,,,,,,,,,,,,,,,,,,,,,,007,001,2022-05-19_17h49.14.888,Trial_Exp,2022.1.2,60.9272483990545,
3,0,3,0,,,,,,,,,,,,,,,,,,,,,,,,,,,,,,,,,,,,,,,,,,,,,,,,,,,,,,,,,266.09657475701533,None,266.0966025864938,None,271.0982412089943,None,271.0978950525052,None,275.0994498520158,None,275.0995984304929,None,279.0997165499721,None,279.0997198214638,None,rshift,1,2.825388783006929,279.0997165499721,None,281.9511036439799,None,281.95117704545845,282.95117344497703,,,,,,,,,,,,,,,,,,,,,,,,,,,,,,,,,,,,,,,,,,,,,,,,,,,,,,,,,,,,,,,,,,,,,,,,,,,,,,,,,,,,,,,,,,,,,,,,,,,,,,,,,,,,,,,,,,,,,,,,,,,,,,,,,,,,,,,,,,,,,,,,007,001,2022-05-19_17h49.14.888,Trial_Exp,2022.1.2,60.9272483990545,
,,,,,,,,,,,,,,,,,,,,,,,,,,,,,,,,,,,,,,,,,,,,,,,,,,,,,,,,,,,,,,,,,,,,,,,,,,,,,,,,,,,,,288.9589876589598,None,space,0,9.708090538042597,288.9589876589598,None,,,,,,,,,,,,,,,,,,,,,,,,,,,,,,,,,,,,,,,,,,,,,,,,,,,,,,,,,,,,,,,,,,,,,,,,,,,,,,,,,,,,,,,,,,,,,,,,,,,,,,,,,,,,,,,,,,,,,,,,,,,,,,,,,,,,,,,,,007,001,2022-05-19_17h49.14.888,Trial_Exp,2022.1.2,60.9272483990545,
,,,,0,0,0,0,,,,,,,,,,,,,,,,,,,,,,,,,,,,,,,,,,,,,,,,,,,,,,,,,,,,,,,,,,,,,,,,,,,,,,,,,,,,,,,,,,,,,298.68887377297506,None,304.4377050260082,None,304.440361627948,None,309.68418981699506,None,309.6929107449716,None,313.6857693369966,None,313.69482577800517,None,317.44445195700973,None,rshift,0,1.1296293989871629,317.44445195700973,None,317.4443634214578,None,318.8378838459612,None,318.84455904695204,None,,,,,,,,,,,,,,,,,,,,,,,,,,,,,,,,,,,,,,,,,,,,,,,,,,,,,,,,,,,,,,,,,,,,,,,,,,,,,,,,,,,,,,,,,,,,,,,,,,,,,,,,,,,,,,007,001,2022-05-19_17h49.14.888,Trial_Exp,2022.1.2,60.9272483990545,
,,,,1,0,1,0,,,,,,,,,,,,,,,,,,,,,,,,,,,,,,,,,,,,,,,,,,,,,,,,,,,,,,,,,,,,,,,,,,,,,,,,,,,,,,,,,,,,,,,326.0939685300109,None,326.09727319194934,None,331.340492421994,None,331.3488259609905,None,335.34133615199244,None,335.34999687997623,None,339.10072935395874,None,lshift,1,1.0883606180432253,339.10072935395874,None,339.1003470254829,None,340.4613051529741,None,340.4679433559533,None,,,,,,,,,,,,,,,,,,,,,,,,,,,,,,,,,,,,,,,,,,,,,,,,,,,,,,,,,,,,,,,,,,,,,,,,,,,,,,,,,,,,,,,,,,,,,,,,,,,,,,,,,,,,,,007,001,2022-05-19_17h49.14.888,Trial_Exp,2022.1.2,60.9272483990545,
,,,,2,0,2,0,,,,,,,,,,,,,,,,,,,,,,,,,,,,,,,,,,,,,,,,,,,,,,,,,,,,,,,,,,,,,,,,,,,,,,,,,,,,,,,,,,,,,,,351.7179346510093,None,351.72116359595674,None,355.962964122009,None,355.9725370079861,None,359.96460731397383,None,359.9736255209893,None,363.7241243699682,None,rshift,1,3.0009614729788154,363.7241243699682,None,363.724329127511,None,366.98461192299146,None,366.99223905998514,None,,,,,,,,,,,,,,,,,,,,,,,,,,,,,,,,,,,,,,,,,,,,,,,,,,,,,,,,,,,,,,,,,,,,,,,,,,,,,,,,,,,,,,,,,,,,,,,,,,,,,,,,,,,,,,007,001,2022-05-19_17h49.14.888,Trial_Exp,2022.1.2,60.9272483990545,
,,,,3,0,3,0,,,,,,,,,,,,,,,,,,,,,,,,,,,,,,,,,,,,,,,,,,,,,,,,,,,,,,,,,,,,,,,,,,,,,,,,,,,,,,,,,,,,,,,378.23845870100195,None,378.2450548689114,None,381.4871996329748,None,381.4967101759859,None,385.48820138996234,None,385.4977086729952,None,389.24913841701346,None,lshift,1,1.4949533609906211,389.24913841701346,None,389.24893897648434,None,391.00718154298374,None,391.0157374569564,None,,,,,,,,,,,,,,,,,,,,,,,,,,,,,,,,,,,,,,,,,,,,,,,,,,,,,,,,,,,,,,,,,,,,,,,,,,,,,,,,,,,,,,,,,,,,,,,,,,,,,,,,,,,,,,007,001,2022-05-19_17h49.14.888,Trial_Exp,2022.1.2,60.9272483990545,
,,,,4,0,4,0,,,,,,,,,,,,,,,,,,,,,,,,,,,,,,,,,,,,,,,,,,,,,,,,,,,,,,,,,,,,,,,,,,,,,,,,,,,,,,,,,,,,,,,401.26292156998534,None,401.26859632092527,None,405.51051072997507,None,405.5199616219499,None,409.51127531495877,None,409.5213779509533,None,413.27207033598097,None,rshift,1,1.7000212330021895,413.27207033598097,None,413.27195843348744,None,415.232647493016,None,415.2395837179967,None,,,,,,,,,,,,,,,,,,,,,,,,,,,,,,,,,,,,,,,,,,,,,,,,,,,,,,,,,,,,,,,,,,,,,,,,,,,,,,,,,,,,,,,,,,,,,,,,,,,,,,,,,,,,,,007,001,2022-05-19_17h49.14.888,Trial_Exp,2022.1.2,60.9272483990545,
,,,,5,0,5,0,,,,,,,,,,,,,,,,,,,,,,,,,,,,,,,,,,,,,,,,,,,,,,,,,,,,,,,,,,,,,,,,,,,,,,,,,,,,,,,,,,,,,,,422.4823187820148,None,422.49122802696655,None,426.73200684797484,None,426.7428036059602,None,430.7376809049747,None,430.7439560089726,None,434.4954642819939,None,rshift,1,1.3026288999826647,434.4954642819939,None,434.49533838748465,None,436.0708475189749,None,436.0789693620056,None,,,,,,,,,,,,,,,,,,,,,,,,,,,,,,,,,,,,,,,,,,,,,,,,,,,,,,,,,,,,,,,,,,,,,,,,,,,,,,,,,,,,,,,,,,,,,,,,,,,,,,,,,,,,,,007,001,2022-05-19_17h49.14.888,Trial_Exp,2022.1.2,60.9272483990545,
,,,,6,0,6,0,,,,,,,,,,,,,,,,,,,,,,,,,,,,,,,,,,,,,,,,,,,,,,,,,,,,,,,,,,,,,,,,,,,,,,,,,,,,,,,,,,,,,,,443.3246140650008,None,443.3303933219169,None,447.57150993298274,None,447.58180585199733,None,451.5747590769897,None,451.5832926459727,None,455.33437496999977,None,rshift,1,0.9697181869996712,455.33437496999977,None,455.334564636508,None,456.57563860795926,None,456.58467733300057,None,,,,,,,,,,,,,,,,,,,,,,,,,,,,,,,,,,,,,,,,,,,,,,,,,,,,,,,,,,,,,,,,,,,,,,,,,,,,,,,,,,,,,,,,,,,,,,,,,,,,,,,,,,,,,,007,001,2022-05-19_17h49.14.888,Trial_Exp,2022.1.2,60.9272483990545,
,,,,7,0,7,0,,,,,,,,,,,,,,,,,,,,,,,,,,,,,,,,,,,,,,,,,,,,,,,,,,,,,,,,,,,,,,,,,,,,,,,,,,,,,,,,,,,,,,,463.828121738974,None,463.83614426291314,None,468.0774568229681,None,468.0876972189755,None,472.0800382999587,None,472.0890870119794,None,475.84016490500653,None,lshift,1,1.618950393050909,475.84016490500653,None,475.84030311547684,None,477.733621850959,None,477.7404087459901,None,,,,,,,,,,,,,,,,,,,,,,,,,,,,,,,,,,,,,,,,,,,,,,,,,,,,,,,,,,,,,,,,,,,,,,,,,,,,,,,,,,,,,,,,,,,,,,,,,,,,,,,,,,,,,,007,001,2022-05-19_17h49.14.888,Trial_Exp,2022.1.2,60.9272483990545,
,,,,8,0,8,0,,,,,,,,,,,,,,,,,,,,,,,,,,,,,,,,,,,,,,,,,,,,,,,,,,,,,,,,,,,,,,,,,,,,,,,,,,,,,,,,,,,,,,,485.9892557489802,None,485.99313132795504,None,489.23308815597557,None,489.2437021749676,None,493.23841531400103,None,493.244906169991,None,496.9962682299665,None,rshift,1,0.90282419702271,496.9962682299665,None,496.99618364950874,None,498.1722009399673,None,498.17981367399915,None,,,,,,,,,,,,,,,,,,,,,,,,,,,,,,,,,,,,,,,,,,,,,,,,,,,,,,,,,,,,,,,,,,,,,,,,,,,,,,,,,,,,,,,,,,,,,,,,,,,,,,,,,,,,,,007,001,2022-05-19_17h49.14.888,Trial_Exp,2022.1.2,60.9272483990545,
,,,,9,0,9,0,,,,,,,,,,,,,,,,,,,,,,,,,,,,,,,,,,,,,,,,,,,,,,,,,,,,,,,,,,,,,,,,,,,,,,,,,,,,,,,,,,,,,,,505.42909540899564,None,505.4314686079626,None,509.67305399797624,None,509.68375794896855,None,513.6918582039652,None,513.7016268359614,None,517.4352858589846,None,lshift,1,0.5218088429537602,517.4352858589846,None,517.4353710844764,None,518.2263537059771,None,518.235525718995,None,,,,,,,,,,,,,,,,,,,,,,,,,,,,,,,,,,,,,,,,,,,,,,,,,,,,,,,,,,,,,,,,,,,,,,,,,,,,,,,,,,,,,,,,,,,,,,,,,,,,,,,,,,,,,,007,001,2022-05-19_17h49.14.888,Trial_Exp,2022.1.2,60.9272483990545,
,,,,10,0,10,0,,,,,,,,,,,,,,,,,,,,,,,,,,,,,,,,,,,,,,,,,,,,,,,,,,,,,,,,,,,,,,,,,,,,,,,,,,,,,,,,,,,,,,,525.4796229209751,None,525.4862638129155,None,531.7331429119804,None,531.7414994189633,None,535.7480775460135,None,535.7574660779676,None,539.4922498749802,None,rshift,1,0.9168508460279554,539.4922498749802,None,539.4923386165058,None,540.6842780800071,None,540.6922041539685,None,,,,,,,,,,,,,,,,,,,,,,,,,,,,,,,,,,,,,,,,,,,,,,,,,,,,,,,,,,,,,,,,,,,,,,,,,,,,,,,,,,,,,,,,,,,,,,,,,,,,,,,,,,,,,,007,001,2022-05-19_17h49.14.888,Trial_Exp,2022.1.2,60.9272483990545,
,,,,,,,,,,,,,,,,,,,,,,,,,,,,,,,,,,,,,,,,,,,,,,,,,,,,,,,,,,,,,,,,,,,,,,,,,,,,,,,,,,,,,,,,,,,,,,,,,,,,,,,,,,,,,,,,,,,,,,,547.1850216299645,None,space,0,24.518078370019794,547.1850216299645,None,,,,,,,,,,,,,,,,,,,,,,,,,,,,,,,,,,,,,,,,,,,,,,,,,,,,,,,,,,,,,,,,,,,,,,,,,,,,,,,,,,,,,,,,,,,,,,,,,,,,,,,007,001,2022-05-19_17h49.14.888,Trial_Exp,2022.1.2,60.9272483990545,
,,,,,,,,0,0,0,0,,,,,,,,,,,,,,,,,,,,,,,,,,,,,,,,,,,,,,,,,,,,,,,,,,,,,,,,,,,,,,,,,,,,,,,,,,,,,,,,,571.7343928180053,None,,,,,,,,,,,,,,,,,,,,,,,,,,,,,,,,,578.2268134519691,None,578.2359632734326,None,581.2268323739991,None,581.2370955974213,None,585.2285325109842,None,585.2378876654432,None,589.2285494109965,None,rshift,1,0.4725418079760857,589.2285494109965,None,589.2390423794743,None,590.7159543869784,None,590.7232900514384,None,,,,,,,,,,,,,,,,,,,,,,,,,,,,,,,,,,,,,,,,,,,,,,,,,,,,,,,,,,,,,,,,,,,,,,,,,,,,,,007,001,2022-05-19_17h49.14.888,Trial_Exp,2022.1.2,60.9272483990545,
,,,,,,,,1,0,1,0,,,,,,,,,,,,,,,,,,,,,,,,,,,,,,,,,,,,,,,,,,,,,,,,,,,,,,,,,,,,,,,,,,,,,,,,,,,,,,,,,,,,,,,,,,,,,,,,,,,,,,,,,,,,,,,,,,,602.7206145969685,None,602.7267323183944,None,607.7171593809617,None,607.7277589814505,None,611.7199074749951,None,611.7290802104283,None,615.7199451329652,None,lshift,1,1.1481486620032229,615.7199451329652,None,615.730396190472,None,617.8884519799612,None,617.8973766404554,None,,,,,,,,,,,,,,,,,,,,,,,,,,,,,,,,,,,,,,,,,,,,,,,,,,,,,,,,,,,,,,,,,,,,,,,,,,,,,,007,001,2022-05-19_17h49.14.888,Trial_Exp,2022.1.2,60.9272483990545,
,,,,,,,,2,0,2,0,,,,,,,,,,,,,,,,,,,,,,,,,,,,,,,,,,,,,,,,,,,,,,,,,,,,,,,,,,,,,,,,,,,,,,,,,,,,,,,,,,,,,,,,,,,,,,,,,,,,,,,,,,,,,,,,,,,627.8928344189771,None,627.9000770804007,None,634.8921880509588,None,634.9019013924292,None,638.8930911030038,None,638.903235898458,None,642.8940880449954,None,rshift,1,0.9730079199653119,642.8940880449954,None,642.9045336414595,None,644.8796296889777,None,644.8881949264207,None,,,,,,,,,,,,,,,,,,,,,,,,,,,,,,,,,,,,,,,,,,,,,,,,,,,,,,,,,,,,,,,,,,,,,,,,,,,,,,007,001,2022-05-19_17h49.14.888,Trial_Exp,2022.1.2,60.9272483990545,
,,,,,,,,3,0,3,0,,,,,,,,,,,,,,,,,,,,,,,,,,,,,,,,,,,,,,,,,,,,,,,,,,,,,,,,,,,,,,,,,,,,,,,,,,,,,,,,,,,,,,,,,,,,,,,,,,,,,,,,,,,,,,,,,,,652.8827384510078,None,652.8906561604119,None,655.881310902012,None,655.8919745624764,None,659.8833585029934,None,659.892518992466,None,663.8831137850066,None,rshift,1,1.1509770530392416,663.8831137850066,None,663.8937590794405,None,666.0519103709958,None,666.0614717784222,None,,,,,,,,,,,,,,,,,,,,,,,,,,,,,,,,,,,,,,,,,,,,,,,,,,,,,,,,,,,,,,,,,,,,,,,,,,,,,,007,001,2022-05-19_17h49.14.888,Trial_Exp,2022.1.2,60.9272483990545,
,,,,,,,,4,0,4,0,,,,,,,,,,,,,,,,,,,,,,,,,,,,,,,,,,,,,,,,,,,,,,,,,,,,,,,,,,,,,,,,,,,,,,,,,,,,,,,,,,,,,,,,,,,,,,,,,,,,,,,,,,,,,,,,,,,677.0636962130084,None,677.0644293203834,None,680.0547712169937,None,680.0649725424475,None,684.0566761110094,None,684.0662180474494,None,688.0598583339597,None,lshift,0,1.254227321012877,688.0598583339597,None,688.0675244184561,None,690.3296702610096,None,690.3357826214517,None,,,,,,,,,,,,,,,,,,,,,,,,,,,,,,,,,,,,,,,,,,,,,,,,,,,,,,,,,,,,,,,,,,,,,,,,,,,,,,007,001,2022-05-19_17h49.14.888,Trial_Exp,2022.1.2,60.9272483990545,
,,,,,,,,5,0,5,0,,,,,,,,,,,,,,,,,,,,,,,,,,,,,,,,,,,,,,,,,,,,,,,,,,,,,,,,,,,,,,,,,,,,,,,,,,,,,,,,,,,,,,,,,,,,,,,,,,,,,,,,,,,,,,,,,,,701.3305499769631,None,701.3382580643986,None,705.330283296993,None,705.3397732164478,None,709.3472552449675,None,709.3567997334642,None,713.3320709340042,None,lshift,1,1.076018706022296,713.3320709340042,None,713.3413961684448,None,715.4169160089805,None,715.4258190944558,None,,,,,,,,,,,,,,,,,,,,,,,,,,,,,,,,,,,,,,,,,,,,,,,,,,,,,,,,,,,,,,,,,,,,,,,,,,,,,,007,001,2022-05-19_17h49.14.888,Trial_Exp,2022.1.2,60.9272483990545,
,,,,,,,,6,0,6,0,,,,,,,,,,,,,,,,,,,,,,,,,,,,,,,,,,,,,,,,,,,,,,,,,,,,,,,,,,,,,,,,,,,,,,,,,,,,,,,,,,,,,,,,,,,,,,,,,,,,,,,,,,,,,,,,,,,723.4221144570038,None,723.4274923273945,None,726.418361621967,None,726.4289984634263,None,730.4204360679723,None,730.4302115204512,None,734.4202948709717,None,rshift,1,1.0448053610161878,734.4202948709717,None,734.4305888974225,None,736.4887160049984,None,736.4981900834712,None,,,,,,,,,,,,,,,,,,,,,,,,,,,,,,,,,,,,,,,,,,,,,,,,,,,,,,,,,,,,,,,,,,,,,,,,,,,,,,007,001,2022-05-19_17h49.14.888,Trial_Exp,2022.1.2,60.9272483990545,
,,,,,,,,7,0,7,0,,,,,,,,,,,,,,,,,,,,,,,,,,,,,,,,,,,,,,,,,,,,,,,,,,,,,,,,,,,,,,,,,,,,,,,,,,,,,,,,,,,,,,,,,,,,,,,,,,,,,,,,,,,,,,,,,,,748.4962990889908,None,748.5013281474123,None,753.4924900810001,None,753.5029857304646,None,757.4941149789956,None,757.5042771224282,None,761.4956715879962,None,lshift,0,0.8383905699593015,761.4956715879962,None,761.5056370454724,None,763.3469629960018,None,763.3557235564688,None,,,,,,,,,,,,,,,,,,,,,,,,,,,,,,,,,,,,,,,,,,,,,,,,,,,,,,,,,,,,,,,,,,,,,,,,,,,,,,007,001,2022-05-19_17h49.14.888,Trial_Exp,2022.1.2,60.9272483990545,
,,,,,,,,8,0,8,0,,,,,,,,,,,,,,,,,,,,,,,,,,,,,,,,,,,,,,,,,,,,,,,,,,,,,,,,,,,,,,,,,,,,,,,,,,,,,,,,,,,,,,,,,,,,,,,,,,,,,,,,,,,,,,,,,,,772.3585374510149,None,772.3584318103851,None,775.3497182519641,None,775.3598033814226,None,779.3518658519606,None,779.3603298254777,None,783.3512504079845,None,lshift,1,1.299864630040247,783.3512504079845,None,783.3615040574689,None,785.6703825069708,None,785.6795557174366,None,,,,,,,,,,,,,,,,,,,,,,,,,,,,,,,,,,,,,,,,,,,,,,,,,,,,,,,,,,,,,,,,,,,,,,,,,,,,,,007,001,2022-05-19_17h49.14.888,Trial_Exp,2022.1.2,60.9272483990545,
,,,,,,,,9,0,9,0,,,,,,,,,,,,,,,,,,,,,,,,,,,,,,,,,,,,,,,,,,,,,,,,,,,,,,,,,,,,,,,,,,,,,,,,,,,,,,,,,,,,,,,,,,,,,,,,,,,,,,,,,,,,,,,,,,,794.674869148992,None,794.6810935424176,None,799.6720309850061,None,799.6826537114569,None,803.6754217160051,None,803.6841016504216,None,807.6747986400151,None,lshift,1,2.373296369041782,807.6747986400151,None,807.6853156204336,None,811.0614908239804,None,811.0697830124293,None,,,,,,,,,,,,,,,,,,,,,,,,,,,,,,,,,,,,,,,,,,,,,,,,,,,,,,,,,,,,,,,,,,,,,,,,,,,,,,007,001,2022-05-19_17h49.14.888,Trial_Exp,2022.1.2,60.9272483990545,
,,,,,,,,10,0,10,0,,,,,,,,,,,,,,,,,,,,,,,,,,,,,,,,,,,,,,,,,,,,,,,,,,,,,,,,,,,,,,,,,,,,,,,,,,,,,,,,,,,,,,,,,,,,,,,,,,,,,,,,,,,,,,,,,,,820.0681491069845,None,820.0717111723964,None,827.0637195839663,None,827.0741750044283,None,831.0673807279672,None,831.0758440094535,None,835.0650142699596,None,lshift,1,0.8580775309819728,835.0650142699596,None,835.0753731484758,None,836.9348511029966,None,836.9439865924535,None,,,,,,,,,,,,,,,,,,,,,,,,,,,,,,,,,,,,,,,,,,,,,,,,,,,,,,,,,,,,,,,,,,,,,,,,,,,,,,007,001,2022-05-19_17h49.14.888,Trial_Exp,2022.1.2,60.9272483990545,
,,,,,,,,,,,,,,,,,,,,,,,,,,,,,,,,,,,,,,,,,,,,,,,,,,,,,,,,,,,,,,,,,,,,,,,,,,,,,,,,,,,,,,,,,,,,,,,,,,,,,,,,,,,,,,,,,,,,,,,847.4372556169983,None,space,0,37.415844973991625,847.4372556169983,None,,,,,,,,,,,,,,,,,,,,,,,,,,,,,,,,,,,,,,,,,,,,,,,,,,,,,,,,,,,,,,,,,,,,,,,,,,,,,,,,,,,,,,,,,,,,,,,,,,,,,,,007,001,2022-05-19_17h49.14.888,Trial_Exp,2022.1.2,60.9272483990545,
,,,,,,,,,,,,0,0,0,0,,,,,,,,,,,,,,,,,,,,,,,,,,,,,,,,,,,,,,,,,,,,,,,,,,,,,,,,,,,,,,,,,,,,,,,,,,,,,884.8747382319998,None,,,,,,,,,,,,,,,,,,,,,,,,,,,,,,,,,,,,,,,,,,,,,,,,,,,,,,,,,,891.3730041109957,None,891.37657355743,None,897.3689338329714,None,897.378269752476,None,901.3706186880008,None,901.3791214534315,None,905.3704789989861,None,rshift,1,0.8446266800165176,905.3704789989861,None,905.3804819364334,None,907.2383874239749,None,907.2472853294341,None,,,,,,,,,,,,,,,,,,,,,,,,,,,,,,,,,,,,,,,,,,,,,,,,,,,,,007,001,2022-05-19_17h49.14.888,Trial_Exp,2022.1.2,60.9272483990545,
,,,,,,,,,,,,1,0,1,0,,,,,,,,,,,,,,,,,,,,,,,,,,,,,,,,,,,,,,,,,,,,,,,,,,,,,,,,,,,,,,,,,,,,,,,,,,,,,,,,,,,,,,,,,,,,,,,,,,,,,,,,,,,,,,,,,,,,,,,,,,,,,,,,,,,,,,,,917.2452853199793,None,917.2500930513954,None,921.2411166029633,None,921.2516139994725,None,925.2584002839867,None,925.2686977234437,None,929.2424604899716,None,lshift,1,1.2676483489922248,929.2424604899716,None,929.2532286864473,None,931.5292383619817,None,931.5378505994333,None,,,,,,,,,,,,,,,,,,,,,,,,,,,,,,,,,,,,,,,,,,,,,,,,,,,,,007,001,2022-05-19_17h49.14.888,Trial_Exp,2022.1.2,60.9272483990545,
,,,,,,,,,,,,2,0,2,0,,,,,,,,,,,,,,,,,,,,,,,,,,,,,,,,,,,,,,,,,,,,,,,,,,,,,,,,,,,,,,,,,,,,,,,,,,,,,,,,,,,,,,,,,,,,,,,,,,,,,,,,,,,,,,,,,,,,,,,,,,,,,,,,,,,,,,,,942.5362241289695,None,942.5407566454262,None,949.5320190209895,None,949.5425348754391,None,953.5365446379874,None,953.5436803474324,None,957.5354572950164,None,lshift,1,0.7636377479648218,957.5354572950164,None,957.5451747864602,None,959.3194252490066,None,959.3284690034227,None,,,,,,,,,,,,,,,,,,,,,,,,,,,,,,,,,,,,,,,,,,,,,,,,,,,,,007,001,2022-05-19_17h49.14.888,Trial_Exp,2022.1.2,60.9272483990545,
,,,,,,,,,,,,3,0,3,0,,,,,,,,,,,,,,,,,,,,,,,,,,,,,,,,,,,,,,,,,,,,,,,,,,,,,,,,,,,,,,,,,,,,,,,,,,,,,,,,,,,,,,,,,,,,,,,,,,,,,,,,,,,,,,,,,,,,,,,,,,,,,,,,,,,,,,,,968.3361802329891,None,968.331271221384,None,972.3406810460147,None,972.3493627684541,None,976.3404973570141,None,976.3505664964207,None,980.3412232510163,None,rshift,1,1.1638855939963832,980.3412232510163,None,980.3511960534263,None,982.5294758899836,None,982.5357562574675,None,,,,,,,,,,,,,,,,,,,,,,,,,,,,,,,,,,,,,,,,,,,,,,,,,,,,,007,001,2022-05-19_17h49.14.888,Trial_Exp,2022.1.2,60.9272483990545,
,,,,,,,,,,,,4,0,4,0,,,,,,,,,,,,,,,,,,,,,,,,,,,,,,,,,,,,,,,,,,,,,,,,,,,,,,,,,,,,,,,,,,,,,,,,,,,,,,,,,,,,,,,,,,,,,,,,,,,,,,,,,,,,,,,,,,,,,,,,,,,,,,,,,,,,,,,,991.5391874759807,None,991.537987876439,None,995.5325618719799,None,995.5396304044291,None,999.5317150829942,None,999.5404427404749,None,1003.5317407419789,None,rshift,1,0.8813405809924006,1003.5317407419789,None,1003.5413140864578,None,1005.4364392959978,None,1005.442409794475,None,,,,,,,,,,,,,,,,,,,,,,,,,,,,,,,,,,,,,,,,,,,,,,,,,,,,,007,001,2022-05-19_17h49.14.888,Trial_Exp,2022.1.2,60.9272483990545,
,,,,,,,,,,,,5,0,5,0,,,,,,,,,,,,,,,,,,,,,,,,,,,,,,,,,,,,,,,,,,,,,,,,,,,,,,,,,,,,,,,,,,,,,,,,,,,,,,,,,,,,,,,,,,,,,,,,,,,,,,,,,,,,,,,,,,,,,,,,,,,,,,,,,,,,,,,,1013.4423385579721,None,1013.4441951014335,None,1016.4367018130142,None,1016.4455074534519,None,1020.4369244489935,None,1020.4467811954557,None,1024.4374447739683,None,rshift,1,0.9646473820321262,1024.4374447739683,None,1024.447807494423,None,1026.4248380209901,None,1026.431853609439,None,,,,,,,,,,,,,,,,,,,,,,,,,,,,,,,,,,,,,,,,,,,,,,,,,,,,,007,001,2022-05-19_17h49.14.888,Trial_Exp,2022.1.2,60.9272483990545,
,,,,,,,,,,,,6,0,6,0,,,,,,,,,,,,,,,,,,,,,,,,,,,,,,,,,,,,,,,,,,,,,,,,,,,,,,,,,,,,,,,,,,,,,,,,,,,,,,,,,,,,,,,,,,,,,,,,,,,,,,,,,,,,,,,,,,,,,,,,,,,,,,,,,,,,,,,,1038.4291441109963,None,1038.4347311064369,None,1043.4267445899895,None,1043.4363787804498,None,1047.4285712270066,None,1047.4378333014204,None,1051.4290238689864,None,rshift,0,1.200080053997226,1051.4290238689864,None,1051.4389475494274,None,1053.6479043089785,None,1053.6557931484306,None,,,,,,,,,,,,,,,,,,,,,,,,,,,,,,,,,,,,,,,,,,,,,,,,,,,,,007,001,2022-05-19_17h49.14.888,Trial_Exp,2022.1.2,60.9272483990545,
,,,,,,,,,,,,7,0,7,0,,,,,,,,,,,,,,,,,,,,,,,,,,,,,,,,,,,,,,,,,,,,,,,,,,,,,,,,,,,,,,,,,,,,,,,,,,,,,,,,,,,,,,,,,,,,,,,,,,,,,,,,,,,,,,,,,,,,,,,,,,,,,,,,,,,,,,,,1061.6518959259847,None,1061.658198012435,None,1066.6504546619835,None,1066.6599240384414,None,1070.6529562940123,None,1070.6616032474442,None,1074.6510391850024,None,lshift,1,0.5670613590045832,1074.6510391850024,None,1074.6617190304562,None,1076.2378390340018,None,1076.2460947734537,None,,,,,,,,,,,,,,,,,,,,,,,,,,,,,,,,,,,,,,,,,,,,,,,,,,,,,007,001,2022-05-19_17h49.14.888,Trial_Exp,2022.1.2,60.9272483990545,
,,,,,,,,,,,,8,0,8,0,,,,,,,,,,,,,,,,,,,,,,,,,,,,,,,,,,,,,,,,,,,,,,,,,,,,,,,,,,,,,,,,,,,,,,,,,,,,,,,,,,,,,,,,,,,,,,,,,,,,,,,,,,,,,,,,,,,,,,,,,,,,,,,,,,,,,,,,1084.2388318839949,None,1084.24771400342,None,1087.239925907983,None,1087.2491700324347,None,1091.2403334669652,None,1091.2502869364573,None,1095.240415917011,None,lshift,1,1.1046922259847634,1095.240415917011,None,1095.2508512924426,None,1097.363462865993,None,1097.3702403064701,None,,,,,,,,,,,,,,,,,,,,,,,,,,,,,,,,,,,,,,,,,,,,,,,,,,,,,007,001,2022-05-19_17h49.14.888,Trial_Exp,2022.1.2,60.9272483990545,
,,,,,,,,,,,,9,0,9,0,,,,,,,,,,,,,,,,,,,,,,,,,,,,,,,,,,,,,,,,,,,,,,,,,,,,,,,,,,,,,,,,,,,,,,,,,,,,,,,,,,,,,,,,,,,,,,,,,,,,,,,,,,,,,,,,,,,,,,,,,,,,,,,,,,,,,,,,1106.3703663260094,None,1106.3702879043879,None,1109.3620203079772,None,1109.371736315475,None,1113.3634429359809,None,1113.3729085284751,None,1117.3647647759644,None,rshift,1,0.9573313309811056,1117.3647647759644,None,1117.3743112354307,None,1119.3328410660033,None,1119.341298254428,None,,,,,,,,,,,,,,,,,,,,,,,,,,,,,,,,,,,,,,,,,,,,,,,,,,,,,007,001,2022-05-19_17h49.14.888,Trial_Exp,2022.1.2,60.9272483990545,
,,,,,,,,,,,,10,0,10,0,,,,,,,,,,,,,,,,,,,,,,,,,,,,,,,,,,,,,,,,,,,,,,,,,,,,,,,,,,,,,,,,,,,,,,,,,,,,,,,,,,,,,,,,,,,,,,,,,,,,,,,,,,,,,,,,,,,,,,,,,,,,,,,,,,,,,,,,1130.3500990399625,None,1130.3609443988885,None,1135.3525592689984,None,1135.3622097084765,None,1139.3536762829754,None,1139.3639315454523,None,1143.356085879961,None,lshift,0,0.596001191996038,1143.356085879961,None,1143.3651105684578,None,1144.9757306129904,None,1144.9817940964597,None,,,,,,,,,,,,,,,,,,,,,,,,,,,,,,,,,,,,,,,,,,,,,,,,,,,,,007,001,2022-05-19_17h49.14.888,Trial_Exp,2022.1.2,60.9272483990545,
,,,,,,,,,,,,,,,,,,,,,,,,,,,,,,,,,,,,,,,,,,,,,,,,,,,,,,,,,,,,,,,,,,,,,,,,,,,,,,,,,,,,,,,,,,,,,,,,,,,,,,,,,,,,,,,,,,,,,,,1153.474658602965,None,space,0,31.817431094998028,1153.474658602965,None,,,,,,,,,,,,,,,,,,,,,,,,,,,,,,,,,,,,,,,,,,,,,,,,,,,,,,,,,,,,,,,,,,,,,,,,,,,,,,,,,,,,,,,,,,,,,,,,,,,,,,,007,001,2022-05-19_17h49.14.888,Trial_Exp,2022.1.2,60.9272483990545,
,,,,,,,,,,,,,,,,0,0,0,0,,,,,,,,,,,,,,,,,,,,,,,,,,,,,,,,,,,,,,,,,,,,,,,,,,,,,,,,,,,,,,,,,,,,,,,,,1185.3111018139753,None,,,,,,,,,,,,,,,,,,,,,,,,,,,,,,,,,,,,,,,,,,,,,,,,,,,,,,,,,,,,,,,,,,,,,,,,,,,,,,,,,,,1191.8040873080026,None,1191.8125327124028,None,1195.8047996810055,None,1195.813794294477,None,1199.8217738110106,None,1199.83111779443,None,1203.8155056114658,None,1203.804974196013,None,lshift,1,0.661118290037848,1203.804974196013,None,1205.478122314962,None,1205.4833655334544,1206.4834828419844,,,,,,,,,,,,,,,,,,,,,,,,,,,,007,001,2022-05-19_17h49.14.888,Trial_Exp,2022.1.2,60.9272483990545,
,,,,,,,,,,,,,,,,1,0,1,0,,,,,,,,,,,,,,,,,,,,,,,,,,,,,,,,,,,,,,,,,,,,,,,,,,,,,,,,,,,,,,,,,,,,,,,,,,,,,,,,,,,,,,,,,,,,,,,,,,,,,,,,,,,,,,,,,,,,,,,,,,,,,,,,,,,,,,,,,,,,,,,,,,,,,,,,,,,,,1213.4822283769608,None,1213.484940233396,None,1217.4770018850104,None,1217.4865987284459,None,1221.4782982600154,None,1221.4877716244548,None,1225.48899178945,None,1225.4786943969666,None,rshift,1,1.394396340008825,1225.4786943969666,None,1227.8876068879617,None,1227.895778878464,1228.9061894610059,,,,,,,,,,,,,,,,,,,,,,,,,,,,007,001,2022-05-19_17h49.14.888,Trial_Exp,2022.1.2,60.9272483990545,
,,,,,,,,,,,,,,,,2,0,2,0,,,,,,,,,,,,,,,,,,,,,,,,,,,,,,,,,,,,,,,,,,,,,,,,,,,,,,,,,,,,,,,,,,,,,,,,,,,,,,,,,,,,,,,,,,,,,,,,,,,,,,,,,,,,,,,,,,,,,,,,,,,,,,,,,,,,,,,,,,,,,,,,,,,,,,,,,,,,,1236.8839948319946,None,1236.8919685254107,None,1241.883051917015,None,1241.893534221442,None,1245.8843162939884,None,1245.8949697314413,None,1249.8954372654437,None,1249.8880535459612,None,lshift,0,1.193092399975285,1249.8880535459612,None,1252.1061198509997,None,1252.1131333784317,1253.113463303016,,,,,,,,,,,,,,,,,,,,,,,,,,,,007,001,2022-05-19_17h49.14.888,Trial_Exp,2022.1.2,60.9272483990545,
,,,,,,,,,,,,,,,,3,0,3,0,,,,,,,,,,,,,,,,,,,,,,,,,,,,,,,,,,,,,,,,,,,,,,,,,,,,,,,,,,,,,,,,,,,,,,,,,,,,,,,,,,,,,,,,,,,,,,,,,,,,,,,,,,,,,,,,,,,,,,,,,,,,,,,,,,,,,,,,,,,,,,,,,,,,,,,,,,,,,1260.1089299669839,None,1260.114724771399,None,1264.1065672970144,None,1264.1161857684376,None,1268.107296872011,None,1268.1174485764234,None,1272.1188147454407,None,1272.1096239269827,None,lshift,1,0.6294765080092475,1272.1096239269827,None,1273.7624151989585,None,1273.7691638024291,1274.7701726239757,,,,,,,,,,,,,,,,,,,,,,,,,,,,007,001,2022-05-19_17h49.14.888,Trial_Exp,2022.1.2,60.9272483990545,
,,,,,,,,,,,,,,,,4,0,4,0,,,,,,,,,,,,,,,,,,,,,,,,,,,,,,,,,,,,,,,,,,,,,,,,,,,,,,,,,,,,,,,,,,,,,,,,,,,,,,,,,,,,,,,,,,,,,,,,,,,,,,,,,,,,,,,,,,,,,,,,,,,,,,,,,,,,,,,,,,,,,,,,,,,,,,,,,,,,,1285.7669575960026,None,1285.7718368804083,None,1292.7648255559616,None,1292.774637315469,None,1296.7670313419658,None,1296.7760413184762,None,1300.7775116854348,None,1300.7685608299798,None,rshift,1,0.7315163139719516,1300.7685608299798,None,1302.520277086005,None,1302.5277192984242,1303.5279770449852,,,,,,,,,,,,,,,,,,,,,,,,,,,,007,001,2022-05-19_17h49.14.888,Trial_Exp,2022.1.2,60.9272483990545,
,,,,,,,,,,,,,,,,5,0,5,0,,,,,,,,,,,,,,,,,,,,,,,,,,,,,,,,,,,,,,,,,,,,,,,,,,,,,,,,,,,,,,,,,,,,,,,,,,,,,,,,,,,,,,,,,,,,,,,,,,,,,,,,,,,,,,,,,,,,,,,,,,,,,,,,,,,,,,,,,,,,,,,,,,,,,,,,,,,,,1312.521832444996,None,1312.5303207854042,None,1315.5218268670142,None,1315.5315140914638,None,1319.5220363439876,None,1319.5322165614227,None,1323.5332378244377,None,1323.5223904779996,None,rshift,1,1.3417349020019174,1323.5223904779996,None,1325.8751950879814,None,1325.8843099074322,1326.8847168259672,,,,,,,,,,,,,,,,,,,,,,,,,,,,007,001,2022-05-19_17h49.14.888,Trial_Exp,2022.1.2,60.9272483990545,
,,,,,,,,,,,,,,,,6,0,6,0,,,,,,,,,,,,,,,,,,,,,,,,,,,,,,,,,,,,,,,,,,,,,,,,,,,,,,,,,,,,,,,,,,,,,,,,,,,,,,,,,,,,,,,,,,,,,,,,,,,,,,,,,,,,,,,,,,,,,,,,,,,,,,,,,,,,,,,,,,,,,,,,,,,,,,,,,,,,,1335.8820195819717,None,1335.8862231303822,None,1340.87910221098,None,1340.8888154594345,None,1344.8796853569802,None,1344.8892962554703,None,1348.8905779104564,None,1348.880105305987,None,lshift,1,0.44598452700302005,1348.880105305987,None,1350.3502334330115,None,1350.3574207974482,1351.3585186009877,,,,,,,,,,,,,,,,,,,,,,,,,,,,007,001,2022-05-19_17h49.14.888,Trial_Exp,2022.1.2,60.9272483990545,
,,,,,,,,,,,,,,,,7,0,7,0,,,,,,,,,,,,,,,,,,,,,,,,,,,,,,,,,,,,,,,,,,,,,,,,,,,,,,,,,,,,,,,,,,,,,,,,,,,,,,,,,,,,,,,,,,,,,,,,,,,,,,,,,,,,,,,,,,,,,,,,,,,,,,,,,,,,,,,,,,,,,,,,,,,,,,,,,,,,,1360.3525529259932,None,1360.3601234514383,None,1366.3531622659648,None,1366.3627514344291,None,1370.3541584750055,None,1370.3635122444714,None,1374.3647861244274,None,1374.356517394015,None,lshift,1,0.6835775609943084,1374.356517394015,None,1376.0571421529748,None,1376.06544613546,1377.065670149983,,,,,,,,,,,,,,,,,,,,,,,,,,,,007,001,2022-05-19_17h49.14.888,Trial_Exp,2022.1.2,60.9272483990545,
,,,,,,,,,,,,,,,,8,0,8,0,,,,,,,,,,,,,,,,,,,,,,,,,,,,,,,,,,,,,,,,,,,,,,,,,,,,,,,,,,,,,,,,,,,,,,,,,,,,,,,,,,,,,,,,,,,,,,,,,,,,,,,,,,,,,,,,,,,,,,,,,,,,,,,,,,,,,,,,,,,,,,,,,,,,,,,,,,,,,1388.0662738339743,None,1388.0685119664297,None,1391.0614743459737,None,1391.0701092174743,None,1395.0782059509656,None,1395.087085903436,None,1399.0715001104284,None,1399.062426266959,None,rshift,1,1.6036597579950467,1399.062426266959,None,1401.6817904110067,None,1401.6895288004773,1402.6895931489998,,,,,,,,,,,,,,,,,,,,,,,,,,,,007,001,2022-05-19_17h49.14.888,Trial_Exp,2022.1.2,60.9272483990545,
,,,,,,,,,,,,,,,,9,0,9,0,,,,,,,,,,,,,,,,,,,,,,,,,,,,,,,,,,,,,,,,,,,,,,,,,,,,,,,,,,,,,,,,,,,,,,,,,,,,,,,,,,,,,,,,,,,,,,,,,,,,,,,,,,,,,,,,,,,,,,,,,,,,,,,,,,,,,,,,,,,,,,,,,,,,,,,,,,,,,1413.6926099410048,None,1413.692287401401,None,1419.6857508469839,None,1419.6941049994668,None,1423.6857475370052,None,1423.6954922604375,None,1427.6967023734353,None,1427.6860735489754,None,rshift,1,1.261008518980816,1427.6860735489754,None,1429.9726081310073,None,1429.9802659614245,1430.9812867289875,,,,,,,,,,,,,,,,,,,,,,,,,,,,007,001,2022-05-19_17h49.14.888,Trial_Exp,2022.1.2,60.9272483990545,
,,,,,,,,,,,,,,,,10,0,10,0,,,,,,,,,,,,,,,,,,,,,,,,,,,,,,,,,,,,,,,,,,,,,,,,,,,,,,,,,,,,,,,,,,,,,,,,,,,,,,,,,,,,,,,,,,,,,,,,,,,,,,,,,,,,,,,,,,,,,,,,,,,,,,,,,,,,,,,,,,,,,,,,,,,,,,,,,,,,,1441.9794382280088,None,1441.9842301934143,None,1444.9758555439766,None,1444.9846748404555,None,1448.9772479779785,None,1448.9859577464406,None,1452.9871821604204,None,1452.9782883799635,None,lshift,1,0.8388076350092888,1452.9782883799635,None,1454.8310335749993,None,1454.8376585214749,1455.8386808959767,,,,,,,,,,,,,,,,,,,,,,,,,,,,007,001,2022-05-19_17h49.14.888,Trial_Exp,2022.1.2,60.9272483990545,
,,,,,,,,,,,,,,,,,,,,,,,,,,,,,,,,,,,,,,,,,,,,,,,,,,,,,,,,,,,,,,,,,,,,,,,,,,,,,,,,,,,,,,,,,,,,,,,,,,,,,,,,,,,,,,,,,,,,,,,1464.3353677580017,None,space,0,37.16071727900999,1464.3353677580017,None,,,,,,,,,,,,,,,,,,,,,,,,,,,,,,,,,,,,,,,,,,,,,,,,,,,,,,,,,,,,,,,,,,,,,,,,,,,,,,,,,,,,,,,,,,,,,,,,,,,,,,,007,001,2022-05-19_17h49.14.888,Trial_Exp,2022.1.2,60.9272483990545,
,,,,,,,,,,,,,,,,,,,,0,0,0,0,,,,,,,,,,,,,,,,,,,,,,,,,,,,,,,,,,,,,,,,,,,,,,,,,,,,,,,,,,,,,,,,,,,,,1501.5184299370158,None,,,,,,,,,,,,,,,,,,,,,,,,,,,,,,,,,,,,,,,,,,,,,,,,,,,,,,,,,,,,,,,,,,,,,,,,,,,,,,,,,,,,,,,,,,,,,,,,,,,,,,,,,,,,1508.0178786169854,None,1508.0197899124353,None,1511.0110593689606,None,1511.0210184554337,None,1515.030107536004,None,1515.0380832434632,None,1519.0130642149597,None,1519.0225607124623,None,rshift,1,0.6880384469986893,1519.0130642149597,None,1520.7165359369828,None,1520.723742888472,None,,,007,001,2022-05-19_17h49.14.888,Trial_Exp,2022.1.2,60.9272483990545,
,,,,,,,,,,,,,,,,,,,,1,0,1,0,,,,,,,,,,,,,,,,,,,,,,,,,,,,,,,,,,,,,,,,,,,,,,,,,,,,,,,,,,,,,,,,,,,,,,,,,,,,,,,,,,,,,,,,,,,,,,,,,,,,,,,,,,,,,,,,,,,,,,,,,,,,,,,,,,,,,,,,,,,,,,,,,,,,,,,,,,,,,,,,,,,,,,,,,,,,,,,,,,1530.7263965439633,None,1530.7281938244007,None,1537.717344707984,None,1537.72832070546,None,1541.7202163820039,None,1541.7297399274423,None,1545.720404324995,None,1545.73105191543,None,lshift,1,0.8366858250228688,1545.720404324995,None,1547.5727477559703,None,1547.5812237334205,None,,,007,001,2022-05-19_17h49.14.888,Trial_Exp,2022.1.2,60.9272483990545,
,,,,,,,,,,,,,,,,,,,,2,0,2,0,,,,,,,,,,,,,,,,,,,,,,,,,,,,,,,,,,,,,,,,,,,,,,,,,,,,,,,,,,,,,,,,,,,,,,,,,,,,,,,,,,,,,,,,,,,,,,,,,,,,,,,,,,,,,,,,,,,,,,,,,,,,,,,,,,,,,,,,,,,,,,,,,,,,,,,,,,,,,,,,,,,,,,,,,,,,,,,,,,1557.5777375180041,None,1557.5838848124142,None,1563.5753839319805,None,1563.5856734504225,None,1567.5788403530023,None,1567.5870036064764,None,1571.5777666759677,None,1571.58837112044,None,rshift,1,0.5573308169841766,1571.5777666759677,None,1573.1473910000059,None,1573.154952758446,None,,,007,001,2022-05-19_17h49.14.888,Trial_Exp,2022.1.2,60.9272483990545,
,,,,,,,,,,,,,,,,,,,,3,0,3,0,,,,,,,,,,,,,,,,,,,,,,,,,,,,,,,,,,,,,,,,,,,,,,,,,,,,,,,,,,,,,,,,,,,,,,,,,,,,,,,,,,,,,,,,,,,,,,,,,,,,,,,,,,,,,,,,,,,,,,,,,,,,,,,,,,,,,,,,,,,,,,,,,,,,,,,,,,,,,,,,,,,,,,,,,,,,,,,,,,1583.1520326969912,None,1583.1577073184192,None,1589.1492626799736,None,1589.1594563764404,None,1593.1509591169888,None,1593.160782624432,None,1597.151366726961,None,1597.162038001453,None,lshift,1,0.8777208179817535,1597.151366726961,None,1599.0545395569643,None,1599.0622685074225,None,,,007,001,2022-05-19_17h49.14.888,Trial_Exp,2022.1.2,60.9272483990545,
,,,,,,,,,,,,,,,,,,,,4,0,4,0,,,,,,,,,,,,,,,,,,,,,,,,,,,,,,,,,,,,,,,,,,,,,,,,,,,,,,,,,,,,,,,,,,,,,,,,,,,,,,,,,,,,,,,,,,,,,,,,,,,,,,,,,,,,,,,,,,,,,,,,,,,,,,,,,,,,,,,,,,,,,,,,,,,,,,,,,,,,,,,,,,,,,,,,,,,,,,,,,,1607.0623022759682,None,1607.0647277604323,None,1614.0598250009934,None,1614.0667126214714,None,1618.0582941069733,None,1618.0679551904207,None,1622.0596352110151,None,1622.0693230624777,None,rshift,0,0.9544558260240592,1622.0596352110151,None,1624.0286229670164,None,1624.0363339894568,None,,,007,001,2022-05-19_17h49.14.888,Trial_Exp,2022.1.2,60.9272483990545,
,,,,,,,,,,,,,,,,,,,,5,0,5,0,,,,,,,,,,,,,,,,,,,,,,,,,,,,,,,,,,,,,,,,,,,,,,,,,,,,,,,,,,,,,,,,,,,,,,,,,,,,,,,,,,,,,,,,,,,,,,,,,,,,,,,,,,,,,,,,,,,,,,,,,,,,,,,,,,,,,,,,,,,,,,,,,,,,,,,,,,,,,,,,,,,,,,,,,,,,,,,,,,1635.034807799966,None,1635.0391079874128,None,1642.031661460991,None,1642.0416852184455,None,1646.0334252199973,None,1646.0429978204659,None,1650.032698658004,None,1650.0434376484366,None,rshift,1,0.8073944289935753,1650.032698658004,None,1651.8536237700027,None,1651.861103747436,None,,,007,001,2022-05-19_17h49.14.888,Trial_Exp,2022.1.2,60.9272483990545,
,,,,,,,,,,,,,,,,,,,,6,0,6,0,,,,,,,,,,,,,,,,,,,,,,,,,,,,,,,,,,,,,,,,,,,,,,,,,,,,,,,,,,,,,,,,,,,,,,,,,,,,,,,,,,,,,,,,,,,,,,,,,,,,,,,,,,,,,,,,,,,,,,,,,,,,,,,,,,,,,,,,,,,,,,,,,,,,,,,,,,,,,,,,,,,,,,,,,,,,,,,,,,1659.8604823229834,None,1659.8630506524235,None,1663.8532648799592,None,1663.8642245144467,None,1667.855547262996,None,1667.8656122014393,None,1671.8568182559684,None,1671.867060846463,None,lshift,1,0.7212752419873141,1671.8568182559684,None,1673.5923450799892,None,1673.600707301451,None,,,007,001,2022-05-19_17h49.14.888,Trial_Exp,2022.1.2,60.9272483990545,
,,,,,,,,,,,,,,,,,,,,7,0,7,0,,,,,,,,,,,,,,,,,,,,,,,,,,,,,,,,,,,,,,,,,,,,,,,,,,,,,,,,,,,,,,,,,,,,,,,,,,,,,,,,,,,,,,,,,,,,,,,,,,,,,,,,,,,,,,,,,,,,,,,,,,,,,,,,,,,,,,,,,,,,,,,,,,,,,,,,,,,,,,,,,,,,,,,,,,,,,,,,,,1683.6004356069607,None,1683.6032040514285,None,1687.5942383789807,None,1687.604819567455,None,1691.5970398450154,None,1691.6060245704605,None,1695.5964866210124,None,1695.6071430844488,None,rshift,1,9.268606398021802,1695.5964866210124,None,1705.8845884950133,None,1705.8934912404395,None,,,007,001,2022-05-19_17h49.14.888,Trial_Exp,2022.1.2,60.9272483990545,
,,,,,,,,,,,,,,,,,,,,8,0,8,0,,,,,,,,,,,,,,,,,,,,,,,,,,,,,,,,,,,,,,,,,,,,,,,,,,,,,,,,,,,,,,,,,,,,,,,,,,,,,,,,,,,,,,,,,,,,,,,,,,,,,,,,,,,,,,,,,,,,,,,,,,,,,,,,,,,,,,,,,,,,,,,,,,,,,,,,,,,,,,,,,,,,,,,,,,,,,,,,,,1714.891791637987,None,1714.8955155424076,None,1717.8883213289664,None,1717.896968369477,None,1721.88859584101,None,1721.897960502468,None,1725.8887400520034,None,1725.8991323644761,None,rshift,1,0.7313564899959601,1725.8887400520034,None,1727.642012775992,None,1727.6494469214697,None,,,007,001,2022-05-19_17h49.14.888,Trial_Exp,2022.1.2,60.9272483990545,
,,,,,,,,,,,,,,,,,,,,9,0,9,0,,,,,,,,,,,,,,,,,,,,,,,,,,,,,,,,,,,,,,,,,,,,,,,,,,,,,,,,,,,,,,,,,,,,,,,,,,,,,,,,,,,,,,,,,,,,,,,,,,,,,,,,,,,,,,,,,,,,,,,,,,,,,,,,,,,,,,,,,,,,,,,,,,,,,,,,,,,,,,,,,,,,,,,,,,,,,,,,,,1737.6564441379742,None,1737.652228996437,None,1742.6607648269855,None,1742.670433847455,None,1746.6628064179677,None,1746.6716959594517,None,1750.6627458279836,None,1750.6728606374702,None,rshift,1,0.6253537950105965,1750.6627458279836,None,1752.2974181220052,None,1752.306573474477,None,,,007,001,2022-05-19_17h49.14.888,Trial_Exp,2022.1.2,60.9272483990545,
,,,,,,,,,,,,,,,,,,,,10,0,10,0,,,,,,,,,,,,,,,,,,,,,,,,,,,,,,,,,,,,,,,,,,,,,,,,,,,,,,,,,,,,,,,,,,,,,,,,,,,,,,,,,,,,,,,,,,,,,,,,,,,,,,,,,,,,,,,,,,,,,,,,,,,,,,,,,,,,,,,,,,,,,,,,,,,,,,,,,,,,,,,,,,,,,,,,,,,,,,,,,,1761.3084505539737,None,1761.3106538194,None,1764.300784403982,None,1764.309715304454,None,1768.30080103199,None,1768.3109501214233,None,1772.3021175339818,None,1772.3122650204343,None,lshift,1,0.39096121198963374,1772.3021175339818,None,1773.708334052004,None,1773.71643778343,None,,,007,001,2022-05-19_17h49.14.888,Trial_Exp,2022.1.2,60.9272483990545,
,,,,,,,,,,,,,,,,,,,,,,,,,,,,,,,,,,,,,,,,,,,,,,,,,,,,,,,,,,,,,,,,,,,,,,,,,,,,,,,,,,,,,,,,,,,,,,,,,,,,,,,,,,,,,,,,,,,,,,,,,,,,,,,,,,,,,,,,,,,,,,,,,,,,,,,,,,,,,,,,,,,,,,,,,,,,,,,,,,,,,,,,,,,,,,,,,,,,,,,,,,,,,,,,,,,,,,,,,,,,,,,,,,1783.2110361399828,None,,,,,,,
