﻿trials_6.thisRepN,trials_6.thisTrialN,trials_6.thisN,trials_6.thisIndex,trials.thisRepN,trials.thisTrialN,trials.thisN,trials.thisIndex,trials_2.thisRepN,trials_2.thisTrialN,trials_2.thisN,trials_2.thisIndex,trials_3.thisRepN,trials_3.thisTrialN,trials_3.thisN,trials_3.thisIndex,trials_4.thisRepN,trials_4.thisTrialN,trials_4.thisN,trials_4.thisIndex,trials_5.thisRepN,trials_5.thisTrialN,trials_5.thisN,trials_5.thisIndex,text_6.started,text_6.stopped,button_2.started,button_2.stopped,button_2.numClicks,button_2.timesOn,button_2.timesOff,key_resp_11.keys,key_resp_11.rt,key_resp_11.started,key_resp_11.stopped,text_8.started,text_8.stopped,text_4.started,text_4.stopped,button.started,button.stopped,button.numClicks,button.timesOn,button.timesOff,key_resp_12.keys,key_resp_12.rt,key_resp_12.started,key_resp_12.stopped,text_7.started,text_7.stopped,key_resp_8.keys,key_resp_8.rt,key_resp_8.started,key_resp_8.stopped,sound_31.started,sound_31.stopped,text_10.started,text_10.stopped,image.started,image.stopped,polygon_26.started,polygon_26.stopped,sound_26.started,sound_26.stopped,polygon_27.started,polygon_27.stopped,sound_27.started,sound_27.stopped,polygon_28.started,polygon_28.stopped,sound_28.started,sound_28.stopped,polygon_29.started,polygon_29.stopped,sound_29.started,sound_29.stopped,key_resp_10.keys,key_resp_10.corr,key_resp_10.rt,key_resp_10.started,key_resp_10.stopped,polygon_30.started,polygon_30.stopped,sound_30.started,sound_30.stopped,text.started,text.stopped,key_resp_2.keys,key_resp_2.corr,key_resp_2.rt,key_resp_2.started,key_resp_2.stopped,polygon_31.started,polygon_31.stopped,polygon.started,polygon.stopped,sound_1.started,sound_1.stopped,polygon_3.started,polygon_3.stopped,sound_2.started,sound_2.stopped,polygon_4.started,polygon_4.stopped,sound_3.started,sound_3.stopped,polygon_2.started,polygon_2.stopped,key_resp.keys,key_resp.corr,key_resp.rt,key_resp.started,key_resp.stopped,sound_4.started,sound_4.stopped,polygon_5.started,polygon_5.stopped,sound_5.started,sound_5.stopped,text_2.started,text_2.stopped,key_resp_3.keys,key_resp_3.corr,key_resp_3.rt,key_resp_3.started,key_resp_3.stopped,polygon_6.started,polygon_6.stopped,sound_6.started,sound_6.stopped,polygon_7.started,polygon_7.stopped,sound_7.started,sound_7.stopped,polygon_8.started,polygon_8.stopped,sound_8.started,sound_8.stopped,polygon_9.started,polygon_9.stopped,key_resp_4.keys,key_resp_4.corr,key_resp_4.rt,key_resp_4.started,key_resp_4.stopped,sound_9.started,sound_9.stopped,polygon_24.started,polygon_24.stopped,sound_24.started,sound_24.stopped,polygon_10.started,polygon_10.stopped,sound_10.started,sound_10.stopped,polygon_11.started,polygon_11.stopped,sound_11.started,sound_11.stopped,polygon_12.started,polygon_12.stopped,sound_12.started,sound_12.stopped,polygon_13.started,polygon_13.stopped,key_resp_5.keys,key_resp_5.corr,key_resp_5.rt,key_resp_5.started,key_resp_5.stopped,sound_13.started,sound_13.stopped,polygon_25.started,polygon_25.stopped,sound_25.started,sound_25.stopped,polygon_14.started,polygon_14.stopped,sound_14.started,sound_14.stopped,polygon_15.started,polygon_15.stopped,sound_15.started,sound_15.stopped,polygon_16.started,polygon_16.stopped,sound_16.started,sound_16.stopped,sound_17.started,sound_17.stopped,polygon_17.started,polygon_17.stopped,key_resp_6.keys,key_resp_6.corr,key_resp_6.rt,key_resp_6.started,key_resp_6.stopped,polygon_18.started,polygon_18.stopped,sound_18.started,sound_18.stopped,polygon_19.started,polygon_19.stopped,sound_19.started,sound_19.stopped,polygon_20.started,polygon_20.stopped,sound_20.started,sound_20.stopped,polygon_21.started,polygon_21.stopped,sound_21.started,sound_21.stopped,polygon_22.started,polygon_22.stopped,sound_22.started,sound_22.stopped,key_resp_7.keys,key_resp_7.corr,key_resp_7.rt,key_resp_7.started,key_resp_7.stopped,polygon_23.started,polygon_23.stopped,sound_23.started,sound_23.stopped,text_3.started,text_3.stopped,participant,session,date,expName,psychopyVersion,frameRate,
,,,,,,,,,,,,,,,,,,,,,,,,28.425454363998142,None,28.425454363998142,None,0,,,space,15.416549980000127,29.400525404998916,None,,,,,,,,,,,,,,,,,,,,,,,,,,,,,,,,,,,,,,,,,,,,,,,,,,,,,,,,,,,,,,,,,,,,,,,,,,,,,,,,,,,,,,,,,,,,,,,,,,,,,,,,,,,,,,,,,,,,,,,,,,,,,,,,,,,,,,,,,,,,,,,,,,,,,,,,,,,,,,,,,,,,,,,,,,,,,,,,,,,,,,,,,,,,,,,,,,011,001,2022-05-21_13h21.40.543,Trial_Exp,2022.1.2,60.01363113641858,
,,,,,,,,,,,,,,,,,,,,,,,,,,,,,,,,,,,44.83188451699971,None,59.842601147000096,None,59.842601147000096,None,0,,,space,8.93575586299994,60.80930131000059,None,,,,,,,,,,,,,,,,,,,,,,,,,,,,,,,,,,,,,,,,,,,,,,,,,,,,,,,,,,,,,,,,,,,,,,,,,,,,,,,,,,,,,,,,,,,,,,,,,,,,,,,,,,,,,,,,,,,,,,,,,,,,,,,,,,,,,,,,,,,,,,,,,,,,,,,,,,,,,,,,,,,,,,,,,,,,,,,,,,,,,011,001,2022-05-21_13h21.40.543,Trial_Exp,2022.1.2,60.01363113641858,
,,,,,,,,,,,,,,,,,,,,,,,,,,,,,,,,,,,,,,,,,,,,,,,,69.76201018199936,None,space,131.93604710599902,69.76201018199936,None,,,,,,,,,,,,,,,,,,,,,,,,,,,,,,,,,,,,,,,,,,,,,,,,,,,,,,,,,,,,,,,,,,,,,,,,,,,,,,,,,,,,,,,,,,,,,,,,,,,,,,,,,,,,,,,,,,,,,,,,,,,,,,,,,,,,,,,,,,,,,,,,,,,,,,,,,,,,,,,,,,,,,,,,,,,,,,,011,001,2022-05-21_13h21.40.543,Trial_Exp,2022.1.2,60.01363113641858,
0,0,0,0,,,,,,,,,,,,,,,,,,,,,,,,,,,,,,,,,,,,,,,,,,,,,,,,,,,69.76201848209931,70.76223548999769,69.76201018199936,None,69.76201018199936,None,201.71189511500052,None,201.71560277809877,None,206.7075842810009,None,206.71708302509833,None,210.71925200799888,None,210.71928912510012,None,214.7228766900007,None,214.72199839209898,None,lshift,1,1.3411893049997161,214.7228766900007,None,216.07703213100103,None,216.08647804709872,217.07565263599827,,,,,,,,,,,,,,,,,,,,,,,,,,,,,,,,,,,,,,,,,,,,,,,,,,,,,,,,,,,,,,,,,,,,,,,,,,,,,,,,,,,,,,,,,,,,,,,,,,,,,,,,,,,,,,,,,,,,,,,,,,,,,,,,,,,,,,,,,,,,,,,,011,001,2022-05-21_13h21.40.543,Trial_Exp,2022.1.2,60.01363113641858,
1,0,1,0,,,,,,,,,,,,,,,,,,,,,,,,,,,,,,,,,,,,,,,,,,,,,,,,,,,,,,,,,223.08978984499845,None,223.09002920909953,None,228.09111593099806,None,228.09118485309992,None,232.08051559199885,None,232.09104599909952,None,236.0930421919984,None,236.09319056509813,None,rshift,1,0.9070181399983994,236.0930421919984,None,237.02709576599955,None,237.02683846010078,238.02763639099794,,,,,,,,,,,,,,,,,,,,,,,,,,,,,,,,,,,,,,,,,,,,,,,,,,,,,,,,,,,,,,,,,,,,,,,,,,,,,,,,,,,,,,,,,,,,,,,,,,,,,,,,,,,,,,,,,,,,,,,,,,,,,,,,,,,,,,,,,,,,,,,,011,001,2022-05-21_13h21.40.543,Trial_Exp,2022.1.2,60.01363113641858,
2,0,2,0,,,,,,,,,,,,,,,,,,,,,,,,,,,,,,,,,,,,,,,,,,,,,,,,,,,,,,,,,244.02907160500035,None,244.03052830110065,None,249.03058118300032,None,249.03071456609942,None,253.0317626119977,None,253.03226095309984,None,257.0210984810001,None,257.0315432680985,None,lshift,1,2.1179701700020814,257.0210984810001,None,259.16678960100035,None,259.17258893709766,260.18342045999816,,,,,,,,,,,,,,,,,,,,,,,,,,,,,,,,,,,,,,,,,,,,,,,,,,,,,,,,,,,,,,,,,,,,,,,,,,,,,,,,,,,,,,,,,,,,,,,,,,,,,,,,,,,,,,,,,,,,,,,,,,,,,,,,,,,,,,,,,,,,,,,,011,001,2022-05-21_13h21.40.543,Trial_Exp,2022.1.2,60.01363113641858,
3,0,3,0,,,,,,,,,,,,,,,,,,,,,,,,,,,,,,,,,,,,,,,,,,,,,,,,,,,,,,,,,266.16853276799884,None,266.1692503900998,None,271.1580805320009,None,271.1690692261003,None,275.1731769299986,None,275.17319857610016,None,279.16589411399764,None,279.17655563709957,None,rshift,1,0.8271852979996765,279.16589411399764,None,280.01218324599904,None,280.0223393220989,281.01152366599854,,,,,,,,,,,,,,,,,,,,,,,,,,,,,,,,,,,,,,,,,,,,,,,,,,,,,,,,,,,,,,,,,,,,,,,,,,,,,,,,,,,,,,,,,,,,,,,,,,,,,,,,,,,,,,,,,,,,,,,,,,,,,,,,,,,,,,,,,,,,,,,,011,001,2022-05-21_13h21.40.543,Trial_Exp,2022.1.2,60.01363113641858,
,,,,,,,,,,,,,,,,,,,,,,,,,,,,,,,,,,,,,,,,,,,,,,,,,,,,,,,,,,,,,,,,,,,,,,,,,,,,,,,,,,,,,287.0316828219984,None,space,0,7.317380727999989,287.0316828219984,None,,,,,,,,,,,,,,,,,,,,,,,,,,,,,,,,,,,,,,,,,,,,,,,,,,,,,,,,,,,,,,,,,,,,,,,,,,,,,,,,,,,,,,,,,,,,,,,,,,,,,,,,,,,,,,,,,,,,,,,,,,,,,,,,,,,,,,,,,011,001,2022-05-21_13h21.40.543,Trial_Exp,2022.1.2,60.01363113641858,
,,,,0,0,0,0,,,,,,,,,,,,,,,,,,,,,,,,,,,,,,,,,,,,,,,,,,,,,,,,,,,,,,,,,,,,,,,,,,,,,,,,,,,,,,,,,,,,,294.37684137500037,None,300.11909305099834,None,300.13062684958857,None,306.37012325400065,None,306.38077430959527,None,310.3734019429976,None,310.3820007825947,None,314.1327409500009,None,rshift,1,0.7083298680008738,314.1327409500009,None,314.13259151509953,None,315.10829099699913,None,315.11694798359747,None,,,,,,,,,,,,,,,,,,,,,,,,,,,,,,,,,,,,,,,,,,,,,,,,,,,,,,,,,,,,,,,,,,,,,,,,,,,,,,,,,,,,,,,,,,,,,,,,,,,,,,,,,,,,,,011,001,2022-05-21_13h21.40.543,Trial_Exp,2022.1.2,60.01363113641858,
,,,,1,0,1,0,,,,,,,,,,,,,,,,,,,,,,,,,,,,,,,,,,,,,,,,,,,,,,,,,,,,,,,,,,,,,,,,,,,,,,,,,,,,,,,,,,,,,,,326.37662618299873,None,326.37282509558133,None,330.62876827999935,None,330.6395088615958,None,334.63044092999917,None,334.6406410755975,None,338.38979136099806,None,lshift,1,0.5912674200008041,338.38979136099806,None,338.3901249380982,None,339.2474976179983,None,339.25736495559465,None,,,,,,,,,,,,,,,,,,,,,,,,,,,,,,,,,,,,,,,,,,,,,,,,,,,,,,,,,,,,,,,,,,,,,,,,,,,,,,,,,,,,,,,,,,,,,,,,,,,,,,,,,,,,,,011,001,2022-05-21_13h21.40.543,Trial_Exp,2022.1.2,60.01363113641858,
,,,,2,0,2,0,,,,,,,,,,,,,,,,,,,,,,,,,,,,,,,,,,,,,,,,,,,,,,,,,,,,,,,,,,,,,,,,,,,,,,,,,,,,,,,,,,,,,,,350.5076135290001,None,350.5133574975829,None,352.7495282939999,None,352.7605352385966,None,356.7509762640002,None,356.76238184659667,None,360.5124125559996,None,lshift,1,0.9086531579996517,360.5124125559996,None,360.51248714909923,None,361.68657705700025,None,361.69676727459444,None,,,,,,,,,,,,,,,,,,,,,,,,,,,,,,,,,,,,,,,,,,,,,,,,,,,,,,,,,,,,,,,,,,,,,,,,,,,,,,,,,,,,,,,,,,,,,,,,,,,,,,,,,,,,,,011,001,2022-05-21_13h21.40.543,Trial_Exp,2022.1.2,60.01363113641858,
,,,,3,0,3,0,,,,,,,,,,,,,,,,,,,,,,,,,,,,,,,,,,,,,,,,,,,,,,,,,,,,,,,,,,,,,,,,,,,,,,,,,,,,,,,,,,,,,,,370.946100025998,None,370.9525058545827,None,375.19070449399806,None,375.20083388159617,None,379.19109499099795,None,379.2020578055948,None,382.95262414600074,None,lshift,0,0.6864402959981817,382.95262414600074,None,382.95244146409857,None,383.9131686289984,None,383.9200900545969,None,,,,,,,,,,,,,,,,,,,,,,,,,,,,,,,,,,,,,,,,,,,,,,,,,,,,,,,,,,,,,,,,,,,,,,,,,,,,,,,,,,,,,,,,,,,,,,,,,,,,,,,,,,,,,,011,001,2022-05-21_13h21.40.543,Trial_Exp,2022.1.2,60.01363113641858,
,,,,4,0,4,0,,,,,,,,,,,,,,,,,,,,,,,,,,,,,,,,,,,,,,,,,,,,,,,,,,,,,,,,,,,,,,,,,,,,,,,,,,,,,,,,,,,,,,,394.1663551169986,None,394.17702764558123,None,399.4132799979998,None,399.42452587459627,None,403.41585872499854,None,403.42592614759485,None,407.17558949700106,None,rshift,1,0.8434693220006011,407.17558949700106,None,407.1755513330976,None,408.2841670630005,None,408.29407849059714,None,,,,,,,,,,,,,,,,,,,,,,,,,,,,,,,,,,,,,,,,,,,,,,,,,,,,,,,,,,,,,,,,,,,,,,,,,,,,,,,,,,,,,,,,,,,,,,,,,,,,,,,,,,,,,,011,001,2022-05-21_13h21.40.543,Trial_Exp,2022.1.2,60.01363113641858,
,,,,5,0,5,0,,,,,,,,,,,,,,,,,,,,,,,,,,,,,,,,,,,,,,,,,,,,,,,,,,,,,,,,,,,,,,,,,,,,,,,,,,,,,,,,,,,,,,,416.5419674929981,None,416.54887023258414,None,419.78546594100044,None,419.7970561635942,None,423.7880002870006,None,423.7983810105965,None,427.5479910469985,None,lshift,1,0.4380750349992013,427.5479910469985,None,427.54814952109916,None,428.2575700230009,None,428.2662733965975,None,,,,,,,,,,,,,,,,,,,,,,,,,,,,,,,,,,,,,,,,,,,,,,,,,,,,,,,,,,,,,,,,,,,,,,,,,,,,,,,,,,,,,,,,,,,,,,,,,,,,,,,,,,,,,,011,001,2022-05-21_13h21.40.543,Trial_Exp,2022.1.2,60.01363113641858,
,,,,6,0,6,0,,,,,,,,,,,,,,,,,,,,,,,,,,,,,,,,,,,,,,,,,,,,,,,,,,,,,,,,,,,,,,,,,,,,,,,,,,,,,,,,,,,,,,,438.50965541500045,None,438.52072885658197,None,440.76235954299773,None,440.7737350075971,None,444.77774266199776,None,444.78754038759723,None,448.5399331000008,None,lshift,1,0.5201321530003042,448.5399331000008,None,448.53975358310015,None,449.3313566420002,None,449.34072311059424,None,,,,,,,,,,,,,,,,,,,,,,,,,,,,,,,,,,,,,,,,,,,,,,,,,,,,,,,,,,,,,,,,,,,,,,,,,,,,,,,,,,,,,,,,,,,,,,,,,,,,,,,,,,,,,,011,001,2022-05-21_13h21.40.543,Trial_Exp,2022.1.2,60.01363113641858,
,,,,7,0,7,0,,,,,,,,,,,,,,,,,,,,,,,,,,,,,,,,,,,,,,,,,,,,,,,,,,,,,,,,,,,,,,,,,,,,,,,,,,,,,,,,,,,,,,,457.58226629899946,None,457.5780349504839,None,462.83396995099974,None,462.842205000596,None,466.8359287239982,None,466.84739637259406,None,470.5953480370008,None,rshift,1,0.5807091419992503,470.5953480370008,None,470.59405105909934,None,471.43529779099845,None,471.4450243775958,None,,,,,,,,,,,,,,,,,,,,,,,,,,,,,,,,,,,,,,,,,,,,,,,,,,,,,,,,,,,,,,,,,,,,,,,,,,,,,,,,,,,,,,,,,,,,,,,,,,,,,,,,,,,,,,011,001,2022-05-21_13h21.40.543,Trial_Exp,2022.1.2,60.01363113641858,
,,,,8,0,8,0,,,,,,,,,,,,,,,,,,,,,,,,,,,,,,,,,,,,,,,,,,,,,,,,,,,,,,,,,,,,,,,,,,,,,,,,,,,,,,,,,,,,,,,482.69148155199946,None,482.7010226255828,None,485.9391461239975,None,485.9493652355944,None,489.940679471998,None,489.95056104459434,None,493.70111614599955,None,rshift,1,0.6779359400024987,493.70111614599955,None,493.7011308060977,None,494.6418429609985,None,494.6519140885961,None,,,,,,,,,,,,,,,,,,,,,,,,,,,,,,,,,,,,,,,,,,,,,,,,,,,,,,,,,,,,,,,,,,,,,,,,,,,,,,,,,,,,,,,,,,,,,,,,,,,,,,,,,,,,,,011,001,2022-05-21_13h21.40.543,Trial_Exp,2022.1.2,60.01363113641858,
,,,,9,0,9,0,,,,,,,,,,,,,,,,,,,,,,,,,,,,,,,,,,,,,,,,,,,,,,,,,,,,,,,,,,,,,,,,,,,,,,,,,,,,,,,,,,,,,,,501.9014790529982,None,501.9065965515823,None,508.1450371699975,None,508.1563638695974,None,512.1470163779995,None,512.1573650705963,None,515.90703201,None,rshift,1,0.459029854999244,515.90703201,None,515.907087264099,None,516.6302417519983,None,516.6405665105943,None,,,,,,,,,,,,,,,,,,,,,,,,,,,,,,,,,,,,,,,,,,,,,,,,,,,,,,,,,,,,,,,,,,,,,,,,,,,,,,,,,,,,,,,,,,,,,,,,,,,,,,,,,,,,,,011,001,2022-05-21_13h21.40.543,Trial_Exp,2022.1.2,60.01363113641858,
,,,,10,0,10,0,,,,,,,,,,,,,,,,,,,,,,,,,,,,,,,,,,,,,,,,,,,,,,,,,,,,,,,,,,,,,,,,,,,,,,,,,,,,,,,,,,,,,,,527.886379659998,None,527.8974943395827,None,534.135741353999,None,534.1468019285952,None,538.1370203449987,None,538.1481490015962,None,541.8978056439992,None,lshift,1,0.7992763099973672,541.8978056439992,None,541.8980208120996,None,542.9575165919996,None,542.9660711935961,None,,,,,,,,,,,,,,,,,,,,,,,,,,,,,,,,,,,,,,,,,,,,,,,,,,,,,,,,,,,,,,,,,,,,,,,,,,,,,,,,,,,,,,,,,,,,,,,,,,,,,,,,,,,,,,011,001,2022-05-21_13h21.40.543,Trial_Exp,2022.1.2,60.01363113641858,
,,,,,,,,,,,,,,,,,,,,,,,,,,,,,,,,,,,,,,,,,,,,,,,,,,,,,,,,,,,,,,,,,,,,,,,,,,,,,,,,,,,,,,,,,,,,,,,,,,,,,,,,,,,,,,,,,,,,,,,552.4587161710006,None,space,0,15.142342637002002,552.4587161710006,None,,,,,,,,,,,,,,,,,,,,,,,,,,,,,,,,,,,,,,,,,,,,,,,,,,,,,,,,,,,,,,,,,,,,,,,,,,,,,,,,,,,,,,,,,,,,,,,,,,,,,,,011,001,2022-05-21_13h21.40.543,Trial_Exp,2022.1.2,60.01363113641858,
,,,,,,,,0,0,0,0,,,,,,,,,,,,,,,,,,,,,,,,,,,,,,,,,,,,,,,,,,,,,,,,,,,,,,,,,,,,,,,,,,,,,,,,,,,,,,,,,567.6145904250006,None,,,,,,,,,,,,,,,,,,,,,,,,,,,,,,,,,574.1152966820009,None,574.1114106169807,None,579.1156431519994,None,579.1120425159861,None,583.1322705940001,None,583.1290259039852,None,587.1169838309979,None,rshift,1,3.43109434699727,587.1169838309979,None,587.1136622869853,None,591.5695588300005,None,591.5651506079848,None,,,,,,,,,,,,,,,,,,,,,,,,,,,,,,,,,,,,,,,,,,,,,,,,,,,,,,,,,,,,,,,,,,,,,,,,,,,,,,011,001,2022-05-21_13h21.40.543,Trial_Exp,2022.1.2,60.01363113641858,
,,,,,,,,1,0,1,0,,,,,,,,,,,,,,,,,,,,,,,,,,,,,,,,,,,,,,,,,,,,,,,,,,,,,,,,,,,,,,,,,,,,,,,,,,,,,,,,,,,,,,,,,,,,,,,,,,,,,,,,,,,,,,,,,,,602.5841069939997,None,602.5880188410705,None,606.5902833330001,None,606.5861315359871,None,610.5908709199975,None,610.5873234469873,None,614.591584187001,None,rshift,1,0.5454844260020764,614.591584187001,None,614.5887291749859,None,616.159625925,None,616.1555995059862,None,,,,,,,,,,,,,,,,,,,,,,,,,,,,,,,,,,,,,,,,,,,,,,,,,,,,,,,,,,,,,,,,,,,,,,,,,,,,,,011,001,2022-05-21_13h21.40.543,Trial_Exp,2022.1.2,60.01363113641858,
,,,,,,,,2,0,2,0,,,,,,,,,,,,,,,,,,,,,,,,,,,,,,,,,,,,,,,,,,,,,,,,,,,,,,,,,,,,,,,,,,,,,,,,,,,,,,,,,,,,,,,,,,,,,,,,,,,,,,,,,,,,,,,,,,,624.1705609359997,None,624.1786736520738,None,628.1638393899993,None,628.159726592985,None,632.1823730959986,None,632.1931761100863,None,636.1648252470004,None,rshift,1,0.8522379429996363,636.1648252470004,None,636.1613986929842,None,638.0327836779979,None,638.0282824999849,None,,,,,,,,,,,,,,,,,,,,,,,,,,,,,,,,,,,,,,,,,,,,,,,,,,,,,,,,,,,,,,,,,,,,,,,,,,,,,,011,001,2022-05-21_13h21.40.543,Trial_Exp,2022.1.2,60.01363113641858,
,,,,,,,,3,0,3,0,,,,,,,,,,,,,,,,,,,,,,,,,,,,,,,,,,,,,,,,,,,,,,,,,,,,,,,,,,,,,,,,,,,,,,,,,,,,,,,,,,,,,,,,,,,,,,,,,,,,,,,,,,,,,,,,,,,646.0410723269997,None,646.0506351760708,None,652.0354329849979,None,652.0324914849843,None,656.0366917610008,None,656.0337976579867,None,660.0381665819987,None,rshift,1,0.7918939329974819,660.0381665819987,None,660.0350462309871,None,661.8410246140011,None,661.8353059689871,None,,,,,,,,,,,,,,,,,,,,,,,,,,,,,,,,,,,,,,,,,,,,,,,,,,,,,,,,,,,,,,,,,,,,,,,,,,,,,,011,001,2022-05-21_13h21.40.543,Trial_Exp,2022.1.2,60.01363113641858,
,,,,,,,,4,0,4,0,,,,,,,,,,,,,,,,,,,,,,,,,,,,,,,,,,,,,,,,,,,,,,,,,,,,,,,,,,,,,,,,,,,,,,,,,,,,,,,,,,,,,,,,,,,,,,,,,,,,,,,,,,,,,,,,,,,671.848207226998,None,671.8579398060723,None,676.8433662850002,None,676.8396969539863,None,680.8473208549985,None,680.8430955969852,None,684.8462155720008,None,rshift,1,0.7288464810008008,684.8462155720008,None,684.8431374659849,None,686.5977612099996,None,686.5930139049851,None,,,,,,,,,,,,,,,,,,,,,,,,,,,,,,,,,,,,,,,,,,,,,,,,,,,,,,,,,,,,,,,,,,,,,,,,,,,,,,011,001,2022-05-21_13h21.40.543,Trial_Exp,2022.1.2,60.01363113641858,
,,,,,,,,5,0,5,0,,,,,,,,,,,,,,,,,,,,,,,,,,,,,,,,,,,,,,,,,,,,,,,,,,,,,,,,,,,,,,,,,,,,,,,,,,,,,,,,,,,,,,,,,,,,,,,,,,,,,,,,,,,,,,,,,,,697.6017592360004,None,697.5987697359742,None,703.6038117159987,None,703.600599833986,None,707.6059330639982,None,707.6021687639877,None,711.6189923780003,None,lshift,1,1.1070667300009518,711.6189923780003,None,711.6164939879855,None,713.7389037940011,None,713.7339210789869,None,,,,,,,,,,,,,,,,,,,,,,,,,,,,,,,,,,,,,,,,,,,,,,,,,,,,,,,,,,,,,,,,,,,,,,,,,,,,,,011,001,2022-05-21_13h21.40.543,Trial_Exp,2022.1.2,60.01363113641858,
,,,,,,,,6,0,6,0,,,,,,,,,,,,,,,,,,,,,,,,,,,,,,,,,,,,,,,,,,,,,,,,,,,,,,,,,,,,,,,,,,,,,,,,,,,,,,,,,,,,,,,,,,,,,,,,,,,,,,,,,,,,,,,,,,,722.7523510270003,None,722.7557698640707,None,729.7412666290002,None,729.7385875619875,None,733.7435774160003,None,733.7397273599854,None,737.7432830459984,None,lshift,1,0.5697811139980331,737.7432830459984,None,737.7395249629844,None,739.3307690820002,None,739.3261150629842,None,,,,,,,,,,,,,,,,,,,,,,,,,,,,,,,,,,,,,,,,,,,,,,,,,,,,,,,,,,,,,,,,,,,,,,,,,,,,,,011,001,2022-05-21_13h21.40.543,Trial_Exp,2022.1.2,60.01363113641858,
,,,,,,,,7,0,7,0,,,,,,,,,,,,,,,,,,,,,,,,,,,,,,,,,,,,,,,,,,,,,,,,,,,,,,,,,,,,,,,,,,,,,,,,,,,,,,,,,,,,,,,,,,,,,,,,,,,,,,,,,,,,,,,,,,,750.3333282029998,None,750.3307689969733,None,755.3330225569989,None,755.3290881199864,None,759.3354703709992,None,759.347208788084,None,763.3337798399989,None,lshift,1,0.6512810240019462,763.3337798399989,None,763.330895207986,None,765.0028456580003,None,764.9989450199864,None,,,,,,,,,,,,,,,,,,,,,,,,,,,,,,,,,,,,,,,,,,,,,,,,,,,,,,,,,,,,,,,,,,,,,,,,,,,,,,011,001,2022-05-21_13h21.40.543,Trial_Exp,2022.1.2,60.01363113641858,
,,,,,,,,8,0,8,0,,,,,,,,,,,,,,,,,,,,,,,,,,,,,,,,,,,,,,,,,,,,,,,,,,,,,,,,,,,,,,,,,,,,,,,,,,,,,,,,,,,,,,,,,,,,,,,,,,,,,,,,,,,,,,,,,,,776.0113135319989,None,776.0227356430736,None,781.007247958998,None,781.002877494986,None,785.008532849999,None,785.0054206109853,None,789.0083667840008,None,lshift,1,0.8447039849997964,789.0083667840008,None,789.0055147519852,None,790.8777085859983,None,790.872527151987,None,,,,,,,,,,,,,,,,,,,,,,,,,,,,,,,,,,,,,,,,,,,,,,,,,,,,,,,,,,,,,,,,,,,,,,,,,,,,,,011,001,2022-05-21_13h21.40.543,Trial_Exp,2022.1.2,60.01363113641858,
,,,,,,,,9,0,9,0,,,,,,,,,,,,,,,,,,,,,,,,,,,,,,,,,,,,,,,,,,,,,,,,,,,,,,,,,,,,,,,,,,,,,,,,,,,,,,,,,,,,,,,,,,,,,,,,,,,,,,,,,,,,,,,,,,,798.8836040899987,None,798.8796895779742,None,803.8792742750011,None,803.8765738429865,None,807.8816846650006,None,807.8772162789865,None,811.8813856439992,None,rshift,1,0.5836812089983141,811.8813856439992,None,811.8783568819854,None,813.4837327719979,None,813.4786936609853,None,,,,,,,,,,,,,,,,,,,,,,,,,,,,,,,,,,,,,,,,,,,,,,,,,,,,,,,,,,,,,,,,,,,,,,,,,,,,,,011,001,2022-05-21_13h21.40.543,Trial_Exp,2022.1.2,60.01363113641858,
,,,,,,,,10,0,10,0,,,,,,,,,,,,,,,,,,,,,,,,,,,,,,,,,,,,,,,,,,,,,,,,,,,,,,,,,,,,,,,,,,,,,,,,,,,,,,,,,,,,,,,,,,,,,,,,,,,,,,,,,,,,,,,,,,,822.495510241999,None,822.5013165190725,None,828.4867880749989,None,828.4830645229849,None,832.4902694150005,None,832.5011612530874,None,836.4909014779987,None,lshift,1,0.5032005370012484,836.4909014779987,None,836.4856492949875,None,838.0076480249991,None,838.002525920987,None,,,,,,,,,,,,,,,,,,,,,,,,,,,,,,,,,,,,,,,,,,,,,,,,,,,,,,,,,,,,,,,,,,,,,,,,,,,,,,011,001,2022-05-21_13h21.40.543,Trial_Exp,2022.1.2,60.01363113641858,
,,,,,,,,,,,,,,,,,,,,,,,,,,,,,,,,,,,,,,,,,,,,,,,,,,,,,,,,,,,,,,,,,,,,,,,,,,,,,,,,,,,,,,,,,,,,,,,,,,,,,,,,,,,,,,,,,,,,,,,846.5089294780009,None,space,0,18.592133843001648,846.5089294780009,None,,,,,,,,,,,,,,,,,,,,,,,,,,,,,,,,,,,,,,,,,,,,,,,,,,,,,,,,,,,,,,,,,,,,,,,,,,,,,,,,,,,,,,,,,,,,,,,,,,,,,,,011,001,2022-05-21_13h21.40.543,Trial_Exp,2022.1.2,60.01363113641858,
,,,,,,,,,,,,0,0,0,0,,,,,,,,,,,,,,,,,,,,,,,,,,,,,,,,,,,,,,,,,,,,,,,,,,,,,,,,,,,,,,,,,,,,,,,,,,,,,865.1245333980005,None,,,,,,,,,,,,,,,,,,,,,,,,,,,,,,,,,,,,,,,,,,,,,,,,,,,,,,,,,,871.6169233629989,None,871.6137652239777,None,877.6172217229978,None,877.6139883649848,None,881.6183915939982,None,881.6151832629876,None,885.6201164019985,None,rshift,1,0.6739566019969061,885.6201164019985,None,885.6166051309847,None,887.307066464,None,887.3003104889867,None,,,,,,,,,,,,,,,,,,,,,,,,,,,,,,,,,,,,,,,,,,,,,,,,,,,,,011,001,2022-05-21_13h21.40.543,Trial_Exp,2022.1.2,60.01363113641858,
,,,,,,,,,,,,1,0,1,0,,,,,,,,,,,,,,,,,,,,,,,,,,,,,,,,,,,,,,,,,,,,,,,,,,,,,,,,,,,,,,,,,,,,,,,,,,,,,,,,,,,,,,,,,,,,,,,,,,,,,,,,,,,,,,,,,,,,,,,,,,,,,,,,,,,,,,,,898.3088398779983,None,898.3063075709724,None,902.3076019510008,None,902.3044260869865,None,906.3088186669993,None,906.3055130929861,None,910.312074098998,None,rshift,1,1.119998973001202,910.312074098998,None,910.309121872986,None,912.4473411859981,None,912.4429662629846,None,,,,,,,,,,,,,,,,,,,,,,,,,,,,,,,,,,,,,,,,,,,,,,,,,,,,,011,001,2022-05-21_13h21.40.543,Trial_Exp,2022.1.2,60.01363113641858,
,,,,,,,,,,,,2,0,2,0,,,,,,,,,,,,,,,,,,,,,,,,,,,,,,,,,,,,,,,,,,,,,,,,,,,,,,,,,,,,,,,,,,,,,,,,,,,,,,,,,,,,,,,,,,,,,,,,,,,,,,,,,,,,,,,,,,,,,,,,,,,,,,,,,,,,,,,,924.449381743998,None,924.4465608689716,None,929.4490834850003,None,929.4460658989847,None,933.4507352879991,None,933.4465845529849,None,937.4500285219983,None,lshift,1,0.3560357739988831,937.4500285219983,None,937.4469935459856,None,938.8202457480002,None,938.8156976649843,None,,,,,,,,,,,,,,,,,,,,,,,,,,,,,,,,,,,,,,,,,,,,,,,,,,,,,011,001,2022-05-21_13h21.40.543,Trial_Exp,2022.1.2,60.01363113641858,
,,,,,,,,,,,,3,0,3,0,,,,,,,,,,,,,,,,,,,,,,,,,,,,,,,,,,,,,,,,,,,,,,,,,,,,,,,,,,,,,,,,,,,,,,,,,,,,,,,,,,,,,,,,,,,,,,,,,,,,,,,,,,,,,,,,,,,,,,,,,,,,,,,,,,,,,,,,946.8277415679986,None,946.8369569750724,None,949.8227079649987,None,949.8184710939859,None,953.8244659800002,None,953.8199857299842,None,957.8243987969981,None,lshift,1,0.602655129001505,957.8243987969981,None,957.8204487759867,None,959.4422214629994,None,959.4378231529845,None,,,,,,,,,,,,,,,,,,,,,,,,,,,,,,,,,,,,,,,,,,,,,,,,,,,,,011,001,2022-05-21_13h21.40.543,Trial_Exp,2022.1.2,60.01363113641858,
,,,,,,,,,,,,4,0,4,0,,,,,,,,,,,,,,,,,,,,,,,,,,,,,,,,,,,,,,,,,,,,,,,,,,,,,,,,,,,,,,,,,,,,,,,,,,,,,,,,,,,,,,,,,,,,,,,,,,,,,,,,,,,,,,,,,,,,,,,,,,,,,,,,,,,,,,,,968.4460312539995,None,968.4479736160723,None,975.4460413119996,None,975.4430098569865,None,979.4468445460006,None,979.4436836559871,None,983.4479123620004,None,rshift,1,0.6691405199999281,983.4479123620004,None,983.4442245699865,None,985.1331230609976,None,985.128754235986,None,,,,,,,,,,,,,,,,,,,,,,,,,,,,,,,,,,,,,,,,,,,,,,,,,,,,,011,001,2022-05-21_13h21.40.543,Trial_Exp,2022.1.2,60.01363113641858,
,,,,,,,,,,,,5,0,5,0,,,,,,,,,,,,,,,,,,,,,,,,,,,,,,,,,,,,,,,,,,,,,,,,,,,,,,,,,,,,,,,,,,,,,,,,,,,,,,,,,,,,,,,,,,,,,,,,,,,,,,,,,,,,,,,,,,,,,,,,,,,,,,,,,,,,,,,,993.1390870469986,None,993.133453771974,None,997.1346352410001,None,997.1317610669867,None,1001.1430370679991,None,1001.1541669390866,None,1005.1376911219995,None,lshift,0,0.9273806489982235,1005.1376911219995,None,1005.1343734259863,None,1007.0897376879984,None,1007.0844821569844,None,,,,,,,,,,,,,,,,,,,,,,,,,,,,,,,,,,,,,,,,,,,,,,,,,,,,,011,001,2022-05-21_13h21.40.543,Trial_Exp,2022.1.2,60.01363113641858,
,,,,,,,,,,,,6,0,6,0,,,,,,,,,,,,,,,,,,,,,,,,,,,,,,,,,,,,,,,,,,,,,,,,,,,,,,,,,,,,,,,,,,,,,,,,,,,,,,,,,,,,,,,,,,,,,,,,,,,,,,,,,,,,,,,,,,,,,,,,,,,,,,,,,,,,,,,,1018.0939784699985,None,1018.091556851974,None,1023.0917903640002,None,1023.088955311985,None,1027.095086278001,None,1027.092107886987,None,1031.0959788209984,None,rshift,1,0.8590870829975756,1031.0959788209984,None,1031.0929732499862,None,1032.9647459029984,None,1032.9596272549861,None,,,,,,,,,,,,,,,,,,,,,,,,,,,,,,,,,,,,,,,,,,,,,,,,,,,,,011,001,2022-05-21_13h21.40.543,Trial_Exp,2022.1.2,60.01363113641858,
,,,,,,,,,,,,7,0,7,0,,,,,,,,,,,,,,,,,,,,,,,,,,,,,,,,,,,,,,,,,,,,,,,,,,,,,,,,,,,,,,,,,,,,,,,,,,,,,,,,,,,,,,,,,,,,,,,,,,,,,,,,,,,,,,,,,,,,,,,,,,,,,,,,,,,,,,,,1040.9744968619998,None,1040.9809663630735,None,1043.9669711149982,None,1043.9624429919859,None,1047.9664200939987,None,1047.9630085849858,None,1051.9675196219978,None,lshift,1,0.4385505659993214,1051.9675196219978,None,1051.9642867609873,None,1053.4185340549993,None,1053.4143576439856,None,,,,,,,,,,,,,,,,,,,,,,,,,,,,,,,,,,,,,,,,,,,,,,,,,,,,,011,001,2022-05-21_13h21.40.543,Trial_Exp,2022.1.2,60.01363113641858,
,,,,,,,,,,,,8,0,8,0,,,,,,,,,,,,,,,,,,,,,,,,,,,,,,,,,,,,,,,,,,,,,,,,,,,,,,,,,,,,,,,,,,,,,,,,,,,,,,,,,,,,,,,,,,,,,,,,,,,,,,,,,,,,,,,,,,,,,,,,,,,,,,,,,,,,,,,,1063.429003653,None,1063.436949237072,None,1069.4240999979993,None,1069.4196480809842,None,1073.4243130719988,None,1073.4208107529848,None,1077.4244331759983,None,lshift,1,0.5266398249987105,1077.4244331759983,None,1077.4206367949846,None,1078.9605665470008,None,1078.9557971059876,None,,,,,,,,,,,,,,,,,,,,,,,,,,,,,,,,,,,,,,,,,,,,,,,,,,,,,011,001,2022-05-21_13h21.40.543,Trial_Exp,2022.1.2,60.01363113641858,
,,,,,,,,,,,,9,0,9,0,,,,,,,,,,,,,,,,,,,,,,,,,,,,,,,,,,,,,,,,,,,,,,,,,,,,,,,,,,,,,,,,,,,,,,,,,,,,,,,,,,,,,,,,,,,,,,,,,,,,,,,,,,,,,,,,,,,,,,,,,,,,,,,,,,,,,,,,1087.9669277309986,None,1087.9626192089709,None,1090.9626380070004,None,1090.9596792809862,None,1094.9634480269997,None,1094.9602047279877,None,1098.9646440819997,None,lshift,1,0.6124097350002558,1098.9646440819997,None,1098.961627365985,None,1100.5998328059977,None,1100.5955789739855,None,,,,,,,,,,,,,,,,,,,,,,,,,,,,,,,,,,,,,,,,,,,,,,,,,,,,,011,001,2022-05-21_13h21.40.543,Trial_Exp,2022.1.2,60.01363113641858,
,,,,,,,,,,,,10,0,10,0,,,,,,,,,,,,,,,,,,,,,,,,,,,,,,,,,,,,,,,,,,,,,,,,,,,,,,,,,,,,,,,,,,,,,,,,,,,,,,,,,,,,,,,,,,,,,,,,,,,,,,,,,,,,,,,,,,,,,,,,,,,,,,,,,,,,,,,,1108.6044876279993,None,1108.6000907139714,None,1112.601296247998,None,1112.5982004759862,None,1116.6025573609986,None,1116.599518275987,None,1120.6040613090008,None,rshift,1,0.5919983219973801,1120.6040613090008,None,1120.6006958789876,None,1122.2067904979995,None,1122.201152210986,None,,,,,,,,,,,,,,,,,,,,,,,,,,,,,,,,,,,,,,,,,,,,,,,,,,,,,011,001,2022-05-21_13h21.40.543,Trial_Exp,2022.1.2,60.01363113641858,
,,,,,,,,,,,,,,,,,,,,,,,,,,,,,,,,,,,,,,,,,,,,,,,,,,,,,,,,,,,,,,,,,,,,,,,,,,,,,,,,,,,,,,,,,,,,,,,,,,,,,,,,,,,,,,,,,,,,,,,1130.7087015479992,None,space,0,26.644364179999684,1130.7087015479992,None,,,,,,,,,,,,,,,,,,,,,,,,,,,,,,,,,,,,,,,,,,,,,,,,,,,,,,,,,,,,,,,,,,,,,,,,,,,,,,,,,,,,,,,,,,,,,,,,,,,,,,,011,001,2022-05-21_13h21.40.543,Trial_Exp,2022.1.2,60.01363113641858,
,,,,,,,,,,,,,,,,0,0,0,0,,,,,,,,,,,,,,,,,,,,,,,,,,,,,,,,,,,,,,,,,,,,,,,,,,,,,,,,,,,,,,,,,,,,,,,,,1157.3638692079985,None,,,,,,,,,,,,,,,,,,,,,,,,,,,,,,,,,,,,,,,,,,,,,,,,,,,,,,,,,,,,,,,,,,,,,,,,,,,,,,,,,,,1163.874262846999,None,1163.8809992290776,None,1166.8676590100004,None,1166.8641933029867,None,1170.8683017859985,None,1170.8651943259865,None,1174.8664811479866,None,1174.8702678579975,None,lshift,1,0.8028031659996486,1174.8702678579975,None,1176.6891880010007,None,1176.683527217985,1177.6974074850004,,,,,,,,,,,,,,,,,,,,,,,,,,,,011,001,2022-05-21_13h21.40.543,Trial_Exp,2022.1.2,60.01363113641858,
,,,,,,,,,,,,,,,,1,0,1,0,,,,,,,,,,,,,,,,,,,,,,,,,,,,,,,,,,,,,,,,,,,,,,,,,,,,,,,,,,,,,,,,,,,,,,,,,,,,,,,,,,,,,,,,,,,,,,,,,,,,,,,,,,,,,,,,,,,,,,,,,,,,,,,,,,,,,,,,,,,,,,,,,,,,,,,,,,,,,1187.693450425999,None,1187.6895508099733,None,1193.6913356879995,None,1193.6880869259876,None,1197.697488490001,None,1197.6944545129845,None,1201.6924071919857,None,1201.695351473998,None,rshift,1,0.887715599998046,1201.695351473998,None,1203.597326414998,None,1203.5926268879848,1204.6069163399989,,,,,,,,,,,,,,,,,,,,,,,,,,,,011,001,2022-05-21_13h21.40.543,Trial_Exp,2022.1.2,60.01363113641858,
,,,,,,,,,,,,,,,,2,0,2,0,,,,,,,,,,,,,,,,,,,,,,,,,,,,,,,,,,,,,,,,,,,,,,,,,,,,,,,,,,,,,,,,,,,,,,,,,,,,,,,,,,,,,,,,,,,,,,,,,,,,,,,,,,,,,,,,,,,,,,,,,,,,,,,,,,,,,,,,,,,,,,,,,,,,,,,,,,,,,1212.5999369409983,None,1212.596454670973,None,1217.5982434830003,None,1217.5951704849867,None,1221.599512410001,None,1221.5965337209855,None,1225.597735217987,None,1225.6005239810002,None,lshift,1,0.6835470289988734,1225.6005239810002,None,1227.302893862001,None,1227.2979388899876,1228.3127751350003,,,,,,,,,,,,,,,,,,,,,,,,,,,,011,001,2022-05-21_13h21.40.543,Trial_Exp,2022.1.2,60.01363113641858,
,,,,,,,,,,,,,,,,3,0,3,0,,,,,,,,,,,,,,,,,,,,,,,,,,,,,,,,,,,,,,,,,,,,,,,,,,,,,,,,,,,,,,,,,,,,,,,,,,,,,,,,,,,,,,,,,,,,,,,,,,,,,,,,,,,,,,,,,,,,,,,,,,,,,,,,,,,,,,,,,,,,,,,,,,,,,,,,,,,,,1236.3124158280007,None,1236.3204470190726,None,1242.307538803001,None,1242.3022894219866,None,1246.3078218730006,None,1246.3035932779858,None,1250.3048598949863,None,1250.3078841879978,None,lshift,0,1.673174765001022,1250.3078841879978,None,1252.9945922099978,None,1253.005166719086,1254.0035396149979,,,,,,,,,,,,,,,,,,,,,,,,,,,,011,001,2022-05-21_13h21.40.543,Trial_Exp,2022.1.2,60.01363113641858,
,,,,,,,,,,,,,,,,4,0,4,0,,,,,,,,,,,,,,,,,,,,,,,,,,,,,,,,,,,,,,,,,,,,,,,,,,,,,,,,,,,,,,,,,,,,,,,,,,,,,,,,,,,,,,,,,,,,,,,,,,,,,,,,,,,,,,,,,,,,,,,,,,,,,,,,,,,,,,,,,,,,,,,,,,,,,,,,,,,,,1264.9985509929975,None,1264.9961422449742,None,1268.9973016289987,None,1268.9936984499873,None,1273.013637639,None,1273.0107541829857,None,1276.9976997799859,None,1277.001105807998,None,lshift,1,0.897955650001677,1277.001105807998,None,1278.9174580899999,None,1278.9133623359849,1279.9272574530005,,,,,,,,,,,,,,,,,,,,,,,,,,,,011,001,2022-05-21_13h21.40.543,Trial_Exp,2022.1.2,60.01363113641858,
,,,,,,,,,,,,,,,,5,0,5,0,,,,,,,,,,,,,,,,,,,,,,,,,,,,,,,,,,,,,,,,,,,,,,,,,,,,,,,,,,,,,,,,,,,,,,,,,,,,,,,,,,,,,,,,,,,,,,,,,,,,,,,,,,,,,,,,,,,,,,,,,,,,,,,,,,,,,,,,,,,,,,,,,,,,,,,,,,,,,1287.9256056859995,None,1287.9354324340716,None,1293.9228125139998,None,1293.9176023989858,None,1297.938984370001,None,1297.934951856987,None,1301.919371975986,None,1301.9233123720005,None,rshift,1,0.5157489750017703,1301.9233123720005,None,1303.4576454179987,None,1303.4529783049875,1304.450813214,,,,,,,,,,,,,,,,,,,,,,,,,,,,011,001,2022-05-21_13h21.40.543,Trial_Exp,2022.1.2,60.01363113641858,
,,,,,,,,,,,,,,,,6,0,6,0,,,,,,,,,,,,,,,,,,,,,,,,,,,,,,,,,,,,,,,,,,,,,,,,,,,,,,,,,,,,,,,,,,,,,,,,,,,,,,,,,,,,,,,,,,,,,,,,,,,,,,,,,,,,,,,,,,,,,,,,,,,,,,,,,,,,,,,,,,,,,,,,,,,,,,,,,,,,,1313.4537101839996,None,1313.4491898499728,None,1316.4455267449994,None,1316.4421131659874,None,1320.4457695919991,None,1320.4430058379876,None,1324.4461437049868,None,1324.449131546,None,lshift,1,0.6929307680002239,1324.449131546,None,1326.1653376510003,None,1326.1605644609845,1327.1735599389976,,,,,,,,,,,,,,,,,,,,,,,,,,,,011,001,2022-05-21_13h21.40.543,Trial_Exp,2022.1.2,60.01363113641858,
,,,,,,,,,,,,,,,,7,0,7,0,,,,,,,,,,,,,,,,,,,,,,,,,,,,,,,,,,,,,,,,,,,,,,,,,,,,,,,,,,,,,,,,,,,,,,,,,,,,,,,,,,,,,,,,,,,,,,,,,,,,,,,,,,,,,,,,,,,,,,,,,,,,,,,,,,,,,,,,,,,,,,,,,,,,,,,,,,,,,1338.1810070499996,None,1338.1826089120736,None,1341.1846765150003,None,1341.1808031589862,None,1345.185353836001,None,1345.1822651979855,None,1349.1834955109844,None,1349.187313724,None,rshift,1,1.1167766069993377,1349.187313724,None,1351.3225235129976,None,1351.317190769987,1352.3308699240006,,,,,,,,,,,,,,,,,,,,,,,,,,,,011,001,2022-05-21_13h21.40.543,Trial_Exp,2022.1.2,60.01363113641858,
,,,,,,,,,,,,,,,,8,0,8,0,,,,,,,,,,,,,,,,,,,,,,,,,,,,,,,,,,,,,,,,,,,,,,,,,,,,,,,,,,,,,,,,,,,,,,,,,,,,,,,,,,,,,,,,,,,,,,,,,,,,,,,,,,,,,,,,,,,,,,,,,,,,,,,,,,,,,,,,,,,,,,,,,,,,,,,,,,,,,1360.3314170119993,None,1360.3396352210734,None,1363.3243178599987,None,1363.3201889289849,None,1367.3245225659994,None,1367.3208135989844,None,1371.322727265986,None,1371.3255754370002,None,lshift,1,0.5264830630003416,1371.3255754370002,None,1372.8616190469984,None,1372.8563870089856,1373.8558593159978,,,,,,,,,,,,,,,,,,,,,,,,,,,,011,001,2022-05-21_13h21.40.543,Trial_Exp,2022.1.2,60.01363113641858,
,,,,,,,,,,,,,,,,9,0,9,0,,,,,,,,,,,,,,,,,,,,,,,,,,,,,,,,,,,,,,,,,,,,,,,,,,,,,,,,,,,,,,,,,,,,,,,,,,,,,,,,,,,,,,,,,,,,,,,,,,,,,,,,,,,,,,,,,,,,,,,,,,,,,,,,,,,,,,,,,,,,,,,,,,,,,,,,,,,,,1384.865214917998,None,1384.8629510419742,None,1389.864748852,None,1389.8618059319851,None,1393.882383748998,None,1393.878983923987,None,1397.8635794349866,None,1397.866981684001,None,rshift,1,0.5380861669982551,1397.866981684001,None,1399.4193130429994,None,1399.4145298489857,1400.4283931339996,,,,,,,,,,,,,,,,,,,,,,,,,,,,011,001,2022-05-21_13h21.40.543,Trial_Exp,2022.1.2,60.01363113641858,
,,,,,,,,,,,,,,,,10,0,10,0,,,,,,,,,,,,,,,,,,,,,,,,,,,,,,,,,,,,,,,,,,,,,,,,,,,,,,,,,,,,,,,,,,,,,,,,,,,,,,,,,,,,,,,,,,,,,,,,,,,,,,,,,,,,,,,,,,,,,,,,,,,,,,,,,,,,,,,,,,,,,,,,,,,,,,,,,,,,,1411.4243226459985,None,1411.4205994629738,None,1417.424275846999,None,1417.4193259469866,None,1421.424574048,None,1421.4205974179858,None,1425.4218962549858,None,1425.425040391001,None,rshift,1,1.1010186130006332,1425.425040391001,None,1427.5430762459982,None,1427.5387704949862,1428.5534039259983,,,,,,,,,,,,,,,,,,,,,,,,,,,,011,001,2022-05-21_13h21.40.543,Trial_Exp,2022.1.2,60.01363113641858,
,,,,,,,,,,,,,,,,,,,,,,,,,,,,,,,,,,,,,,,,,,,,,,,,,,,,,,,,,,,,,,,,,,,,,,,,,,,,,,,,,,,,,,,,,,,,,,,,,,,,,,,,,,,,,,,,,,,,,,,1434.0519512459978,None,space,0,50.48210706700047,1434.0519512459978,None,,,,,,,,,,,,,,,,,,,,,,,,,,,,,,,,,,,,,,,,,,,,,,,,,,,,,,,,,,,,,,,,,,,,,,,,,,,,,,,,,,,,,,,,,,,,,,,,,,,,,,,011,001,2022-05-21_13h21.40.543,Trial_Exp,2022.1.2,60.01363113641858,
,,,,,,,,,,,,,,,,,,,,0,0,0,0,,,,,,,,,,,,,,,,,,,,,,,,,,,,,,,,,,,,,,,,,,,,,,,,,,,,,,,,,,,,,,,,,,,,,1484.5527573479994,None,,,,,,,,,,,,,,,,,,,,,,,,,,,,,,,,,,,,,,,,,,,,,,,,,,,,,,,,,,,,,,,,,,,,,,,,,,,,,,,,,,,,,,,,,,,,,,,,,,,,,,,,,,,,1491.052013755998,None,1491.0603724340804,None,1494.0469085289988,None,1494.0431016049843,None,1498.0630249200003,None,1498.0598388089857,None,1502.0638769350007,None,1502.0602720749848,None,lshift,1,0.8801803360001941,1502.0638769350007,None,1503.9530020130005,None,1503.947650561986,None,,,011,001,2022-05-21_13h21.40.543,Trial_Exp,2022.1.2,60.01363113641858,
,,,,,,,,,,,,,,,,,,,,1,0,1,0,,,,,,,,,,,,,,,,,,,,,,,,,,,,,,,,,,,,,,,,,,,,,,,,,,,,,,,,,,,,,,,,,,,,,,,,,,,,,,,,,,,,,,,,,,,,,,,,,,,,,,,,,,,,,,,,,,,,,,,,,,,,,,,,,,,,,,,,,,,,,,,,,,,,,,,,,,,,,,,,,,,,,,,,,,,,,,,,,,1513.9582430129994,None,1513.9664942780732,None,1520.9556947479978,None,1520.9494043209852,None,1524.953462993999,None,1524.9507027159852,None,1528.9539293099988,None,1528.950280451987,None,lshift,1,0.5261389900006179,1528.9539293099988,None,1530.4910816939991,None,1530.485451982986,None,,,011,001,2022-05-21_13h21.40.543,Trial_Exp,2022.1.2,60.01363113641858,
,,,,,,,,,,,,,,,,,,,,2,0,2,0,,,,,,,,,,,,,,,,,,,,,,,,,,,,,,,,,,,,,,,,,,,,,,,,,,,,,,,,,,,,,,,,,,,,,,,,,,,,,,,,,,,,,,,,,,,,,,,,,,,,,,,,,,,,,,,,,,,,,,,,,,,,,,,,,,,,,,,,,,,,,,,,,,,,,,,,,,,,,,,,,,,,,,,,,,,,,,,,,,1539.500865566999,None,1539.506344451071,None,1546.4932677760007,None,1546.4899212689852,None,1550.4960791459998,None,1550.492918797987,None,1554.49588287,None,1554.4929222779865,None,rshift,1,0.8851874120009597,1554.49588287,None,1556.3981660419995,None,1556.393078684985,None,,,011,001,2022-05-21_13h21.40.543,Trial_Exp,2022.1.2,60.01363113641858,
,,,,,,,,,,,,,,,,,,,,3,0,3,0,,,,,,,,,,,,,,,,,,,,,,,,,,,,,,,,,,,,,,,,,,,,,,,,,,,,,,,,,,,,,,,,,,,,,,,,,,,,,,,,,,,,,,,,,,,,,,,,,,,,,,,,,,,,,,,,,,,,,,,,,,,,,,,,,,,,,,,,,,,,,,,,,,,,,,,,,,,,,,,,,,,,,,,,,,,,,,,,,,1565.4006547019999,None,1565.3984658079717,None,1568.3993279269998,None,1568.395865448987,None,1572.4005596969982,None,1572.3973109309845,None,1576.401484449998,None,1576.3984940149858,None,lshift,0,0.6255778009981441,1576.401484449998,None,1578.0362845819982,None,1578.0322049059869,None,,,011,001,2022-05-21_13h21.40.543,Trial_Exp,2022.1.2,60.01363113641858,
,,,,,,,,,,,,,,,,,,,,4,0,4,0,,,,,,,,,,,,,,,,,,,,,,,,,,,,,,,,,,,,,,,,,,,,,,,,,,,,,,,,,,,,,,,,,,,,,,,,,,,,,,,,,,,,,,,,,,,,,,,,,,,,,,,,,,,,,,,,,,,,,,,,,,,,,,,,,,,,,,,,,,,,,,,,,,,,,,,,,,,,,,,,,,,,,,,,,,,,,,,,,,1590.0474324979987,None,1590.0558036700718,None,1596.041043057001,None,1596.0374820549841,None,1600.0420921250006,None,1600.0387735899858,None,1604.0429006720005,None,1604.0400645879854,None,rshift,1,1.3101685750007164,1604.0429006720005,None,1606.3637400829975,None,1606.3586403229856,None,,,011,001,2022-05-21_13h21.40.543,Trial_Exp,2022.1.2,60.01363113641858,
,,,,,,,,,,,,,,,,,,,,5,0,5,0,,,,,,,,,,,,,,,,,,,,,,,,,,,,,,,,,,,,,,,,,,,,,,,,,,,,,,,,,,,,,,,,,,,,,,,,,,,,,,,,,,,,,,,,,,,,,,,,,,,,,,,,,,,,,,,,,,,,,,,,,,,,,,,,,,,,,,,,,,,,,,,,,,,,,,,,,,,,,,,,,,,,,,,,,,,,,,,,,,1614.3746186770004,None,1614.3795592810716,None,1621.364339331998,None,1621.3613637869857,None,1625.3656463629995,None,1625.3626452169847,None,1629.3676983349978,None,1629.3641086539865,None,lshift,1,0.5023692129980191,1629.3676983349978,None,1630.8854300210005,None,1630.880917820985,None,,,011,001,2022-05-21_13h21.40.543,Trial_Exp,2022.1.2,60.01363113641858,
,,,,,,,,,,,,,,,,,,,,6,0,6,0,,,,,,,,,,,,,,,,,,,,,,,,,,,,,,,,,,,,,,,,,,,,,,,,,,,,,,,,,,,,,,,,,,,,,,,,,,,,,,,,,,,,,,,,,,,,,,,,,,,,,,,,,,,,,,,,,,,,,,,,,,,,,,,,,,,,,,,,,,,,,,,,,,,,,,,,,,,,,,,,,,,,,,,,,,,,,,,,,,1642.9005718820008,None,1642.9038721570728,None,1649.8908962959977,None,1649.8866231979846,None,1653.8911837079977,None,1653.887555372985,None,1657.8914057830007,None,1657.8885067249867,None,lshift,1,0.9736375240026973,1657.8914057830007,None,1659.8769316500002,None,1659.8727761989867,None,,,011,001,2022-05-21_13h21.40.543,Trial_Exp,2022.1.2,60.01363113641858,
,,,,,,,,,,,,,,,,,,,,7,0,7,0,,,,,,,,,,,,,,,,,,,,,,,,,,,,,,,,,,,,,,,,,,,,,,,,,,,,,,,,,,,,,,,,,,,,,,,,,,,,,,,,,,,,,,,,,,,,,,,,,,,,,,,,,,,,,,,,,,,,,,,,,,,,,,,,,,,,,,,,,,,,,,,,,,,,,,,,,,,,,,,,,,,,,,,,,,,,,,,,,,1667.8906335770007,None,1667.8964210380732,None,1670.883079367999,None,1670.8798001959876,None,1674.896681653001,None,1674.8937005379848,None,1678.885143298001,None,1678.8804132099867,None,rshift,1,0.8129151849971095,1678.885143298001,None,1680.7170817609986,None,1680.711875809986,None,,,011,001,2022-05-21_13h21.40.543,Trial_Exp,2022.1.2,60.01363113641858,
,,,,,,,,,,,,,,,,,,,,8,0,8,0,,,,,,,,,,,,,,,,,,,,,,,,,,,,,,,,,,,,,,,,,,,,,,,,,,,,,,,,,,,,,,,,,,,,,,,,,,,,,,,,,,,,,,,,,,,,,,,,,,,,,,,,,,,,,,,,,,,,,,,,,,,,,,,,,,,,,,,,,,,,,,,,,,,,,,,,,,,,,,,,,,,,,,,,,,,,,,,,,,1691.7259377859991,None,1691.7348108340707,None,1696.7203358789993,None,1696.7164738999854,None,1700.7206052699985,None,1700.7177546079874,None,1704.7235272049984,None,1704.7191113439876,None,lshift,1,1.2985331960007898,1704.7235272049984,None,1707.0410010699998,None,1707.036153334986,None,,,011,001,2022-05-21_13h21.40.543,Trial_Exp,2022.1.2,60.01363113641858,
,,,,,,,,,,,,,,,,,,,,9,0,9,0,,,,,,,,,,,,,,,,,,,,,,,,,,,,,,,,,,,,,,,,,,,,,,,,,,,,,,,,,,,,,,,,,,,,,,,,,,,,,,,,,,,,,,,,,,,,,,,,,,,,,,,,,,,,,,,,,,,,,,,,,,,,,,,,,,,,,,,,,,,,,,,,,,,,,,,,,,,,,,,,,,,,,,,,,,,,,,,,,,1719.0457776939984,None,1719.0476611140734,None,1722.0450983890005,None,1722.0419830449864,None,1726.0459980179985,None,1726.0430882299843,None,1730.0459329839978,None,1730.0431192039869,None,rshift,1,1.5161301299995102,1730.0459329839978,None,1732.5806113149993,None,1732.576468512987,None,,,011,001,2022-05-21_13h21.40.543,Trial_Exp,2022.1.2,60.01363113641858,
,,,,,,,,,,,,,,,,,,,,10,0,10,0,,,,,,,,,,,,,,,,,,,,,,,,,,,,,,,,,,,,,,,,,,,,,,,,,,,,,,,,,,,,,,,,,,,,,,,,,,,,,,,,,,,,,,,,,,,,,,,,,,,,,,,,,,,,,,,,,,,,,,,,,,,,,,,,,,,,,,,,,,,,,,,,,,,,,,,,,,,,,,,,,,,,,,,,,,,,,,,,,,1740.5931422369977,None,1740.5989497400737,None,1747.584342844999,None,1747.580939384985,None,1751.5849104009976,None,1751.582138679987,None,1755.5873810109988,None,1755.5835434979854,None,lshift,0,2.538679475997924,1755.5873810109988,None,1759.140995433001,None,1759.1348557449855,None,,,011,001,2022-05-21_13h21.40.543,Trial_Exp,2022.1.2,60.01363113641858,
,,,,,,,,,,,,,,,,,,,,,,,,,,,,,,,,,,,,,,,,,,,,,,,,,,,,,,,,,,,,,,,,,,,,,,,,,,,,,,,,,,,,,,,,,,,,,,,,,,,,,,,,,,,,,,,,,,,,,,,,,,,,,,,,,,,,,,,,,,,,,,,,,,,,,,,,,,,,,,,,,,,,,,,,,,,,,,,,,,,,,,,,,,,,,,,,,,,,,,,,,,,,,,,,,,,,,,,,,,,,,,,,,,1765.6422007260007,None,,,,,,,
