﻿trials_6.thisRepN,trials_6.thisTrialN,trials_6.thisN,trials_6.thisIndex,trials.thisRepN,trials.thisTrialN,trials.thisN,trials.thisIndex,trials_2.thisRepN,trials_2.thisTrialN,trials_2.thisN,trials_2.thisIndex,trials_3.thisRepN,trials_3.thisTrialN,trials_3.thisN,trials_3.thisIndex,trials_4.thisRepN,trials_4.thisTrialN,trials_4.thisN,trials_4.thisIndex,trials_5.thisRepN,trials_5.thisTrialN,trials_5.thisN,trials_5.thisIndex,text_6.started,text_6.stopped,button_2.started,button_2.stopped,button_2.numClicks,button_2.timesOn,button_2.timesOff,key_resp_11.keys,key_resp_11.rt,key_resp_11.started,key_resp_11.stopped,text_8.started,text_8.stopped,text_4.started,text_4.stopped,button.started,button.stopped,button.numClicks,button.timesOn,button.timesOff,key_resp_12.keys,key_resp_12.rt,key_resp_12.started,key_resp_12.stopped,text_7.started,text_7.stopped,key_resp_8.keys,key_resp_8.rt,key_resp_8.started,key_resp_8.stopped,sound_31.started,sound_31.stopped,text_10.started,text_10.stopped,image.started,image.stopped,polygon_26.started,polygon_26.stopped,sound_26.started,sound_26.stopped,polygon_27.started,polygon_27.stopped,sound_27.started,sound_27.stopped,polygon_28.started,polygon_28.stopped,sound_28.started,sound_28.stopped,polygon_29.started,polygon_29.stopped,sound_29.started,sound_29.stopped,key_resp_10.keys,key_resp_10.corr,key_resp_10.rt,key_resp_10.started,key_resp_10.stopped,polygon_30.started,polygon_30.stopped,sound_30.started,sound_30.stopped,text.started,text.stopped,key_resp_2.keys,key_resp_2.corr,key_resp_2.rt,key_resp_2.started,key_resp_2.stopped,polygon_31.started,polygon_31.stopped,polygon.started,polygon.stopped,sound_1.started,sound_1.stopped,polygon_3.started,polygon_3.stopped,sound_2.started,sound_2.stopped,polygon_4.started,polygon_4.stopped,sound_3.started,sound_3.stopped,polygon_2.started,polygon_2.stopped,key_resp.keys,key_resp.corr,key_resp.rt,key_resp.started,key_resp.stopped,sound_4.started,sound_4.stopped,polygon_5.started,polygon_5.stopped,sound_5.started,sound_5.stopped,text_2.started,text_2.stopped,key_resp_3.keys,key_resp_3.corr,key_resp_3.rt,key_resp_3.started,key_resp_3.stopped,polygon_6.started,polygon_6.stopped,sound_6.started,sound_6.stopped,polygon_7.started,polygon_7.stopped,sound_7.started,sound_7.stopped,polygon_8.started,polygon_8.stopped,sound_8.started,sound_8.stopped,polygon_9.started,polygon_9.stopped,key_resp_4.keys,key_resp_4.corr,key_resp_4.rt,key_resp_4.started,key_resp_4.stopped,sound_9.started,sound_9.stopped,polygon_24.started,polygon_24.stopped,sound_24.started,sound_24.stopped,polygon_10.started,polygon_10.stopped,sound_10.started,sound_10.stopped,polygon_11.started,polygon_11.stopped,sound_11.started,sound_11.stopped,polygon_12.started,polygon_12.stopped,sound_12.started,sound_12.stopped,polygon_13.started,polygon_13.stopped,key_resp_5.keys,key_resp_5.corr,key_resp_5.rt,key_resp_5.started,key_resp_5.stopped,sound_13.started,sound_13.stopped,polygon_25.started,polygon_25.stopped,sound_25.started,sound_25.stopped,polygon_14.started,polygon_14.stopped,sound_14.started,sound_14.stopped,polygon_15.started,polygon_15.stopped,sound_15.started,sound_15.stopped,polygon_16.started,polygon_16.stopped,sound_16.started,sound_16.stopped,sound_17.started,sound_17.stopped,polygon_17.started,polygon_17.stopped,key_resp_6.keys,key_resp_6.corr,key_resp_6.rt,key_resp_6.started,key_resp_6.stopped,polygon_18.started,polygon_18.stopped,sound_18.started,sound_18.stopped,polygon_19.started,polygon_19.stopped,sound_19.started,sound_19.stopped,polygon_20.started,polygon_20.stopped,sound_20.started,sound_20.stopped,polygon_21.started,polygon_21.stopped,sound_21.started,sound_21.stopped,polygon_22.started,polygon_22.stopped,sound_22.started,sound_22.stopped,key_resp_7.keys,key_resp_7.corr,key_resp_7.rt,key_resp_7.started,key_resp_7.stopped,polygon_23.started,polygon_23.stopped,sound_23.started,sound_23.stopped,text_3.started,text_3.stopped,participant,session,date,expName,psychopyVersion,frameRate,
,,,,,,,,,,,,,,,,,,,,,,,,24.88941016699755,None,24.88941016699755,None,0,,,space,33.6924047370012,25.87565872599953,None,,,,,,,,,,,,,,,,,,,,,,,,,,,,,,,,,,,,,,,,,,,,,,,,,,,,,,,,,,,,,,,,,,,,,,,,,,,,,,,,,,,,,,,,,,,,,,,,,,,,,,,,,,,,,,,,,,,,,,,,,,,,,,,,,,,,,,,,,,,,,,,,,,,,,,,,,,,,,,,,,,,,,,,,,,,,,,,,,,,,,,,,,,,,,,,,,,012,001,2022-05-21_14h08.16.787,Trial_Exp,2022.1.2,59.99613732899312,
,,,,,,,,,,,,,,,,,,,,,,,,,,,,,,,,,,,59.60090290199878,None,74.60536074899937,None,74.60536074899937,None,0,,,space,15.171998476998851,75.5720610290009,None,,,,,,,,,,,,,,,,,,,,,,,,,,,,,,,,,,,,,,,,,,,,,,,,,,,,,,,,,,,,,,,,,,,,,,,,,,,,,,,,,,,,,,,,,,,,,,,,,,,,,,,,,,,,,,,,,,,,,,,,,,,,,,,,,,,,,,,,,,,,,,,,,,,,,,,,,,,,,,,,,,,,,,,,,,,,,,,,,,,,,012,001,2022-05-21_14h08.16.787,Trial_Exp,2022.1.2,59.99613732899312,
,,,,,,,,,,,,,,,,,,,,,,,,,,,,,,,,,,,,,,,,,,,,,,,,90.77727109199986,None,space,179.36978874799752,90.77727109199986,None,,,,,,,,,,,,,,,,,,,,,,,,,,,,,,,,,,,,,,,,,,,,,,,,,,,,,,,,,,,,,,,,,,,,,,,,,,,,,,,,,,,,,,,,,,,,,,,,,,,,,,,,,,,,,,,,,,,,,,,,,,,,,,,,,,,,,,,,,,,,,,,,,,,,,,,,,,,,,,,,,,,,,,,,,,,,,,,012,001,2022-05-21_14h08.16.787,Trial_Exp,2022.1.2,59.99613732899312,
0,0,0,0,,,,,,,,,,,,,,,,,,,,,,,,,,,,,,,,,,,,,,,,,,,,,,,,,,,90.77634842929947,91.77637956599938,90.77727109199986,None,90.77727109199986,None,270.1783095589999,None,270.1779474972976,None,275.1796759229983,None,275.18046380429985,None,279.1810830579998,None,279.180821142298,None,283.16999172899887,None,283.1805333642991,None,lshift,1,0.5501234869989275,283.16999172899887,None,283.748980155,None,283.74882337429915,284.7491997049983,,,,,,,,,,,,,,,,,,,,,,,,,,,,,,,,,,,,,,,,,,,,,,,,,,,,,,,,,,,,,,,,,,,,,,,,,,,,,,,,,,,,,,,,,,,,,,,,,,,,,,,,,,,,,,,,,,,,,,,,,,,,,,,,,,,,,,,,,,,,,,,,012,001,2022-05-21_14h08.16.787,Trial_Exp,2022.1.2,59.99613732899312,
1,0,1,0,,,,,,,,,,,,,,,,,,,,,,,,,,,,,,,,,,,,,,,,,,,,,,,,,,,,,,,,,290.75074871000106,None,290.75048424930026,None,295.75224125800014,None,295.7521765173009,None,299.75351757799945,None,299.75331661829875,None,303.75477247600065,None,303.7545384123008,None,rshift,1,0.4142942230027984,303.75477247600065,None,304.1916810729999,None,304.187800638298,305.1887535069982,,,,,,,,,,,,,,,,,,,,,,,,,,,,,,,,,,,,,,,,,,,,,,,,,,,,,,,,,,,,,,,,,,,,,,,,,,,,,,,,,,,,,,,,,,,,,,,,,,,,,,,,,,,,,,,,,,,,,,,,,,,,,,,,,,,,,,,,,,,,,,,,012,001,2022-05-21_14h08.16.787,Trial_Exp,2022.1.2,59.99613732899312,
2,0,2,0,,,,,,,,,,,,,,,,,,,,,,,,,,,,,,,,,,,,,,,,,,,,,,,,,,,,,,,,,311.19137361899993,None,311.1916532932995,None,316.1922598229976,None,316.1919913132991,None,320.1924592369978,None,320.19218245929767,None,324.1955721529994,None,324.19377195929735,None,lshift,1,0.4614856839980348,324.1955721529994,None,324.6773667109992,None,324.67709064229746,325.6775337100007,,,,,,,,,,,,,,,,,,,,,,,,,,,,,,,,,,,,,,,,,,,,,,,,,,,,,,,,,,,,,,,,,,,,,,,,,,,,,,,,,,,,,,,,,,,,,,,,,,,,,,,,,,,,,,,,,,,,,,,,,,,,,,,,,,,,,,,,,,,,,,,,012,001,2022-05-21_14h08.16.787,Trial_Exp,2022.1.2,59.99613732899312,
3,0,3,0,,,,,,,,,,,,,,,,,,,,,,,,,,,,,,,,,,,,,,,,,,,,,,,,,,,,,,,,,331.6791217930004,None,331.67877835629804,None,336.6805644800006,None,336.6802266132985,None,340.68190193199916,None,340.6816489002998,None,344.6831006419998,None,344.68299338329996,None,rshift,1,0.35496405999947456,344.6831006419998,None,345.06641469399983,None,345.06629747829754,346.06656147000103,,,,,,,,,,,,,,,,,,,,,,,,,,,,,,,,,,,,,,,,,,,,,,,,,,,,,,,,,,,,,,,,,,,,,,,,,,,,,,,,,,,,,,,,,,,,,,,,,,,,,,,,,,,,,,,,,,,,,,,,,,,,,,,,,,,,,,,,,,,,,,,,012,001,2022-05-21_14h08.16.787,Trial_Exp,2022.1.2,59.99613732899312,
,,,,,,,,,,,,,,,,,,,,,,,,,,,,,,,,,,,,,,,,,,,,,,,,,,,,,,,,,,,,,,,,,,,,,,,,,,,,,,,,,,,,,352.0767412839996,None,space,0,9.000331069000822,352.0767412839996,None,,,,,,,,,,,,,,,,,,,,,,,,,,,,,,,,,,,,,,,,,,,,,,,,,,,,,,,,,,,,,,,,,,,,,,,,,,,,,,,,,,,,,,,,,,,,,,,,,,,,,,,,,,,,,,,,,,,,,,,,,,,,,,,,,,,,,,,,,012,001,2022-05-21_14h08.16.787,Trial_Exp,2022.1.2,59.99613732899312,
,,,,0,0,0,0,,,,,,,,,,,,,,,,,,,,,,,,,,,,,,,,,,,,,,,,,,,,,,,,,,,,,,,,,,,,,,,,,,,,,,,,,,,,,,,,,,,,,361.1044412909978,None,366.8495288109989,None,366.844175441793,None,370.09861549299967,None,370.10499462579753,None,374.11783616499815,None,374.12355460779725,None,377.8756405649983,None,rshift,1,0.5394218120018195,377.8756405649983,None,377.8755069293005,None,378.6834092099998,None,378.6883790077976,None,,,,,,,,,,,,,,,,,,,,,,,,,,,,,,,,,,,,,,,,,,,,,,,,,,,,,,,,,,,,,,,,,,,,,,,,,,,,,,,,,,,,,,,,,,,,,,,,,,,,,,,,,,,,,,012,001,2022-05-21_14h08.16.787,Trial_Exp,2022.1.2,59.99613732899312,
,,,,1,0,1,0,,,,,,,,,,,,,,,,,,,,,,,,,,,,,,,,,,,,,,,,,,,,,,,,,,,,,,,,,,,,,,,,,,,,,,,,,,,,,,,,,,,,,,,386.9395856659976,None,386.9423225780872,None,392.18594823699823,None,392.1925251237975,None,396.1887731729985,None,396.1951482067983,None,399.94890631199814,None,lshift,1,0.5041656829998828,399.94890631199814,None,399.9488326852992,None,400.72362207100014,None,400.7284611847957,None,,,,,,,,,,,,,,,,,,,,,,,,,,,,,,,,,,,,,,,,,,,,,,,,,,,,,,,,,,,,,,,,,,,,,,,,,,,,,,,,,,,,,,,,,,,,,,,,,,,,,,,,,,,,,,012,001,2022-05-21_14h08.16.787,Trial_Exp,2022.1.2,59.99613732899312,
,,,,2,0,2,0,,,,,,,,,,,,,,,,,,,,,,,,,,,,,,,,,,,,,,,,,,,,,,,,,,,,,,,,,,,,,,,,,,,,,,,,,,,,,,,,,,,,,,,410.9832174559997,None,410.98267982308494,None,416.2267141839984,None,416.23288193379483,None,420.2273463599995,None,420.2339876087957,None,423.989442768001,None,lshift,1,0.37662384299983387,423.989442768001,None,423.9891650282992,None,424.6322111749978,None,424.6371441267969,None,,,,,,,,,,,,,,,,,,,,,,,,,,,,,,,,,,,,,,,,,,,,,,,,,,,,,,,,,,,,,,,,,,,,,,,,,,,,,,,,,,,,,,,,,,,,,,,,,,,,,,,,,,,,,,012,001,2022-05-21_14h08.16.787,Trial_Exp,2022.1.2,59.99613732899312,
,,,,3,0,3,0,,,,,,,,,,,,,,,,,,,,,,,,,,,,,,,,,,,,,,,,,,,,,,,,,,,,,,,,,,,,,,,,,,,,,,,,,,,,,,,,,,,,,,,435.8896205300007,None,435.88976483708643,None,440.13363436799773,None,440.1397882527948,None,444.1348686800011,None,444.14111308779536,None,447.89560879299825,None,lshift,1,0.9274523210006009,447.89560879299825,None,447.89546118530086,None,449.08803078599885,None,449.09265500179606,None,,,,,,,,,,,,,,,,,,,,,,,,,,,,,,,,,,,,,,,,,,,,,,,,,,,,,,,,,,,,,,,,,,,,,,,,,,,,,,,,,,,,,,,,,,,,,,,,,,,,,,,,,,,,,,012,001,2022-05-21_14h08.16.787,Trial_Exp,2022.1.2,59.99613732899312,
,,,,4,0,4,0,,,,,,,,,,,,,,,,,,,,,,,,,,,,,,,,,,,,,,,,,,,,,,,,,,,,,,,,,,,,,,,,,,,,,,,,,,,,,,,,,,,,,,,457.3452194399979,None,457.34603486108495,None,462.5886600220001,None,462.59508737779686,None,466.59234684499825,None,466.59730255079774,None,470.35265567699753,None,rshift,1,0.7614082939981017,470.35265567699753,None,470.35224100430094,None,471.37752712699876,None,471.3819945437957,None,,,,,,,,,,,,,,,,,,,,,,,,,,,,,,,,,,,,,,,,,,,,,,,,,,,,,,,,,,,,,,,,,,,,,,,,,,,,,,,,,,,,,,,,,,,,,,,,,,,,,,,,,,,,,,012,001,2022-05-21_14h08.16.787,Trial_Exp,2022.1.2,59.99613732899312,
,,,,5,0,5,0,,,,,,,,,,,,,,,,,,,,,,,,,,,,,,,,,,,,,,,,,,,,,,,,,,,,,,,,,,,,,,,,,,,,,,,,,,,,,,,,,,,,,,,480.6322965279978,None,480.6360314960864,None,484.881585490999,None,484.8875888107963,None,488.8817199320001,None,488.8881948387956,None,492.64241090499854,None,rshift,1,0.5956481039975188,492.64241090499854,None,492.64230221730065,None,493.50024116299755,None,493.50493268879507,None,,,,,,,,,,,,,,,,,,,,,,,,,,,,,,,,,,,,,,,,,,,,,,,,,,,,,,,,,,,,,,,,,,,,,,,,,,,,,,,,,,,,,,,,,,,,,,,,,,,,,,,,,,,,,,012,001,2022-05-21_14h08.16.787,Trial_Exp,2022.1.2,59.99613732899312,
,,,,6,0,6,0,,,,,,,,,,,,,,,,,,,,,,,,,,,,,,,,,,,,,,,,,,,,,,,,,,,,,,,,,,,,,,,,,,,,,,,,,,,,,,,,,,,,,,,502.75944437200087,None,502.75882026208524,None,506.0026671359992,None,506.0088584917961,None,510.0035587479979,None,510.01012116679556,None,513.7653848949994,None,rshift,1,0.5716875420002907,513.7653848949994,None,513.7651431292983,None,514.6063630419994,None,514.6114922277978,None,,,,,,,,,,,,,,,,,,,,,,,,,,,,,,,,,,,,,,,,,,,,,,,,,,,,,,,,,,,,,,,,,,,,,,,,,,,,,,,,,,,,,,,,,,,,,,,,,,,,,,,,,,,,,,012,001,2022-05-21_14h08.16.787,Trial_Exp,2022.1.2,59.99613732899312,
,,,,7,0,7,0,,,,,,,,,,,,,,,,,,,,,,,,,,,,,,,,,,,,,,,,,,,,,,,,,,,,,,,,,,,,,,,,,,,,,,,,,,,,,,,,,,,,,,,521.8602623939987,None,521.8646454680845,None,528.1101182179991,None,528.1147354017979,None,532.1099172670001,None,532.1162825977975,None,535.8723214249985,None,rshift,1,0.4557411889982177,535.8723214249985,None,535.8711111513006,None,536.5953666059977,None,536.6007776207974,None,,,,,,,,,,,,,,,,,,,,,,,,,,,,,,,,,,,,,,,,,,,,,,,,,,,,,,,,,,,,,,,,,,,,,,,,,,,,,,,,,,,,,,,,,,,,,,,,,,,,,,,,,,,,,,012,001,2022-05-21_14h08.16.787,Trial_Exp,2022.1.2,59.99613732899312,
,,,,8,0,8,0,,,,,,,,,,,,,,,,,,,,,,,,,,,,,,,,,,,,,,,,,,,,,,,,,,,,,,,,,,,,,,,,,,,,,,,,,,,,,,,,,,,,,,,546.853987358998,None,546.8584983610879,None,551.0986135679996,None,551.1051453777967,None,555.0998266120005,None,555.1062341527962,None,558.8616585559976,None,lshift,1,0.8493995080025343,558.8616585559976,None,558.8615134772994,None,559.9692735419994,None,559.9743701897954,None,,,,,,,,,,,,,,,,,,,,,,,,,,,,,,,,,,,,,,,,,,,,,,,,,,,,,,,,,,,,,,,,,,,,,,,,,,,,,,,,,,,,,,,,,,,,,,,,,,,,,,,,,,,,,,012,001,2022-05-21_14h08.16.787,Trial_Exp,2022.1.2,59.99613732899312,
,,,,9,0,9,0,,,,,,,,,,,,,,,,,,,,,,,,,,,,,,,,,,,,,,,,,,,,,,,,,,,,,,,,,,,,,,,,,,,,,,,,,,,,,,,,,,,,,,,570.2248217419983,None,570.228666884085,None,574.4719342659992,None,574.478664079796,None,578.4748353529976,None,578.4791624517951,None,582.234532593,None,rshift,0,0.41653806999966037,582.234532593,None,582.2342308523006,None,582.9100537749982,None,582.9139144727982,None,,,,,,,,,,,,,,,,,,,,,,,,,,,,,,,,,,,,,,,,,,,,,,,,,,,,,,,,,,,,,,,,,,,,,,,,,,,,,,,,,,,,,,,,,,,,,,,,,,,,,,,,,,,,,,012,001,2022-05-21_14h08.16.787,Trial_Exp,2022.1.2,59.99613732899312,
,,,,10,0,10,0,,,,,,,,,,,,,,,,,,,,,,,,,,,,,,,,,,,,,,,,,,,,,,,,,,,,,,,,,,,,,,,,,,,,,,,,,,,,,,,,,,,,,,,590.1630605690007,None,590.1677078340861,None,592.4106025639994,None,592.4167633297969,None,596.4121063710008,None,596.4180959947975,None,600.1748560909982,None,rshift,1,0.3892075820003811,600.1748560909982,None,600.1746429542985,None,600.8328944940004,None,600.837670201798,None,,,,,,,,,,,,,,,,,,,,,,,,,,,,,,,,,,,,,,,,,,,,,,,,,,,,,,,,,,,,,,,,,,,,,,,,,,,,,,,,,,,,,,,,,,,,,,,,,,,,,,,,,,,,,,012,001,2022-05-21_14h08.16.787,Trial_Exp,2022.1.2,59.99613732899312,
,,,,,,,,,,,,,,,,,,,,,,,,,,,,,,,,,,,,,,,,,,,,,,,,,,,,,,,,,,,,,,,,,,,,,,,,,,,,,,,,,,,,,,,,,,,,,,,,,,,,,,,,,,,,,,,,,,,,,,,611.3339951339985,None,space,0,10.514054543000384,611.3339951339985,None,,,,,,,,,,,,,,,,,,,,,,,,,,,,,,,,,,,,,,,,,,,,,,,,,,,,,,,,,,,,,,,,,,,,,,,,,,,,,,,,,,,,,,,,,,,,,,,,,,,,,,,012,001,2022-05-21_14h08.16.787,Trial_Exp,2022.1.2,59.99613732899312,
,,,,,,,,0,0,0,0,,,,,,,,,,,,,,,,,,,,,,,,,,,,,,,,,,,,,,,,,,,,,,,,,,,,,,,,,,,,,,,,,,,,,,,,,,,,,,,,,621.8793503099987,None,,,,,,,,,,,,,,,,,,,,,,,,,,,,,,,,,628.3724020539994,None,628.3744392345841,None,633.371928266999,None,633.367006952289,None,637.3731664269981,None,637.3681943062878,None,641.376694710998,None,lshift,1,0.5263697779992071,641.376694710998,None,641.386091734589,None,642.9266246439984,None,642.936337409589,None,,,,,,,,,,,,,,,,,,,,,,,,,,,,,,,,,,,,,,,,,,,,,,,,,,,,,,,,,,,,,,,,,,,,,,,,,,,,,,012,001,2022-05-21_14h08.16.787,Trial_Exp,2022.1.2,59.99613732899312,
,,,,,,,,1,0,1,0,,,,,,,,,,,,,,,,,,,,,,,,,,,,,,,,,,,,,,,,,,,,,,,,,,,,,,,,,,,,,,,,,,,,,,,,,,,,,,,,,,,,,,,,,,,,,,,,,,,,,,,,,,,,,,,,,,,650.9285422110006,None,650.9401011518795,None,655.9288616960002,None,655.9239842552892,None,659.9323285899991,None,659.9280293522901,None,663.9315000799979,None,lshift,1,-20.915427981002722,663.9315000799979,None,663.9269108552875,None,664.9391780759979,None,664.9493569505873,None,,,,,,,,,,,,,,,,,,,,,,,,,,,,,,,,,,,,,,,,,,,,,,,,,,,,,,,,,,,,,,,,,,,,,,,,,,,,,,012,001,2022-05-21_14h08.16.787,Trial_Exp,2022.1.2,59.99613732899312,
,,,,,,,,2,0,2,0,,,,,,,,,,,,,,,,,,,,,,,,,,,,,,,,,,,,,,,,,,,,,,,,,,,,,,,,,,,,,,,,,,,,,,,,,,,,,,,,,,,,,,,,,,,,,,,,,,,,,,,,,,,,,,,,,,,676.9433909149993,None,676.9475348428797,None,679.9361026029983,None,679.9314341962894,None,683.952681789,None,683.9480944432875,None,687.9380098379988,None,lshift,0,-22.324941578997823,687.9380098379988,None,687.949271863589,None,688.9450122239978,None,688.9558667085882,None,,,,,,,,,,,,,,,,,,,,,,,,,,,,,,,,,,,,,,,,,,,,,,,,,,,,,,,,,,,,,,,,,,,,,,,,,,,,,,012,001,2022-05-21_14h08.16.787,Trial_Exp,2022.1.2,59.99613732899312,
,,,,,,,,3,0,3,0,,,,,,,,,,,,,,,,,,,,,,,,,,,,,,,,,,,,,,,,,,,,,,,,,,,,,,,,,,,,,,,,,,,,,,,,,,,,,,,,,,,,,,,,,,,,,,,,,,,,,,,,,,,,,,,,,,,699.9476981890002,None,699.9536802438789,None,705.9435626949999,None,705.9383179622895,None,709.9454012159986,None,709.95593573359,None,713.9448258299999,None,rshift,0,-21.718758021997928,713.9448258299999,None,713.9400877542906,None,714.951631371001,None,714.9626827005893,None,,,,,,,,,,,,,,,,,,,,,,,,,,,,,,,,,,,,,,,,,,,,,,,,,,,,,,,,,,,,,,,,,,,,,,,,,,,,,,012,001,2022-05-21_14h08.16.787,Trial_Exp,2022.1.2,59.99613732899312,
,,,,,,,,4,0,4,0,,,,,,,,,,,,,,,,,,,,,,,,,,,,,,,,,,,,,,,,,,,,,,,,,,,,,,,,,,,,,,,,,,,,,,,,,,,,,,,,,,,,,,,,,,,,,,,,,,,,,,,,,,,,,,,,,,,726.9588961269983,None,726.96250667788,None,729.9502848129996,None,729.9453576492891,None,733.9545787940006,None,733.9499064052874,None,737.9518098519984,None,lshift,0,-22.405739322002773,737.9518098519984,None,737.9471861832902,None,738.9599023009978,None,738.9696667225878,None,,,,,,,,,,,,,,,,,,,,,,,,,,,,,,,,,,,,,,,,,,,,,,,,,,,,,,,,,,,,,,,,,,,,,,,,,,,,,,012,001,2022-05-21_14h08.16.787,Trial_Exp,2022.1.2,59.99613732899312,
,,,,,,,,5,0,5,0,,,,,,,,,,,,,,,,,,,,,,,,,,,,,,,,,,,,,,,,,,,,,,,,,,,,,,,,,,,,,,,,,,,,,,,,,,,,,,,,,,,,,,,,,,,,,,,,,,,,,,,,,,,,,,,,,,,749.9641571639986,None,749.9679863118773,None,754.959010898001,None,754.9688794925903,None,758.9762181500009,None,758.9861872185872,None,762.9601774599978,None,rshift,0,-23.15312408399768,762.9601774599978,None,762.9708376565875,None,763.9668964259981,None,763.9780343305872,None,,,,,,,,,,,,,,,,,,,,,,,,,,,,,,,,,,,,,,,,,,,,,,,,,,,,,,,,,,,,,,,,,,,,,,,,,,,,,,012,001,2022-05-21_14h08.16.787,Trial_Exp,2022.1.2,59.99613732899312,
,,,,,,,,6,0,6,0,,,,,,,,,,,,,,,,,,,,,,,,,,,,,,,,,,,,,,,,,,,,,,,,,,,,,,,,,,,,,,,,,,,,,,,,,,,,,,,,,,,,,,,,,,,,,,,,,,,,,,,,,,,,,,,,,,,774.9748024599976,None,774.97520119988,None,778.9656014169996,None,778.9606881732874,None,782.9870420320003,None,782.9967797065881,None,786.9678096360003,None,lshift,0,-22.301743631000136,786.9678096360003,None,786.9633586872882,None,787.9770648730009,None,787.9856665065897,None,,,,,,,,,,,,,,,,,,,,,,,,,,,,,,,,,,,,,,,,,,,,,,,,,,,,,,,,,,,,,,,,,,,,,,,,,,,,,,012,001,2022-05-21_14h08.16.787,Trial_Exp,2022.1.2,59.99613732899312,
,,,,,,,,7,0,7,0,,,,,,,,,,,,,,,,,,,,,,,,,,,,,,,,,,,,,,,,,,,,,,,,,,,,,,,,,,,,,,,,,,,,,,,,,,,,,,,,,,,,,,,,,,,,,,,,,,,,,,,,,,,,,,,,,,,795.9771732469999,None,795.9819421178773,None,800.9702571380003,None,800.96566313029,None,804.9719765349982,None,804.9835020705875,None,808.9720380479994,None,rshift,1,-20.05997213700175,808.9720380479994,None,808.9675036652883,None,809.9789017250005,None,809.9898949185888,None,,,,,,,,,,,,,,,,,,,,,,,,,,,,,,,,,,,,,,,,,,,,,,,,,,,,,,,,,,,,,,,,,,,,,,,,,,,,,,012,001,2022-05-21_14h08.16.787,Trial_Exp,2022.1.2,59.99613732899312,
,,,,,,,,8,0,8,0,,,,,,,,,,,,,,,,,,,,,,,,,,,,,,,,,,,,,,,,,,,,,,,,,,,,,,,,,,,,,,,,,,,,,,,,,,,,,,,,,,,,,,,,,,,,,,,,,,,,,,,,,,,,,,,,,,,818.979320497001,None,818.9880832458776,None,821.9768172189979,None,821.9714904202887,None,825.9772109209989,None,825.9727500322882,None,829.9793428730009,None,rshift,1,-19.387288919999264,829.9793428730009,None,829.9905016375894,None,830.986742178,None,830.9971997435903,None,,,,,,,,,,,,,,,,,,,,,,,,,,,,,,,,,,,,,,,,,,,,,,,,,,,,,,,,,,,,,,,,,,,,,,,,,,,,,,012,001,2022-05-21_14h08.16.787,Trial_Exp,2022.1.2,59.99613732899312,
,,,,,,,,9,0,9,0,,,,,,,,,,,,,,,,,,,,,,,,,,,,,,,,,,,,,,,,,,,,,,,,,,,,,,,,,,,,,,,,,,,,,,,,,,,,,,,,,,,,,,,,,,,,,,,,,,,,,,,,,,,,,,,,,,,840.9866933310004,None,840.9972134038773,None,846.9833000609979,None,846.9787554262879,None,850.9856351540002,None,850.996308647588,None,854.986157632,None,lshift,1,-23.401094329001353,854.986157632,None,854.9813331882873,None,855.9934290229976,None,856.0040145025894,None,,,,,,,,,,,,,,,,,,,,,,,,,,,,,,,,,,,,,,,,,,,,,,,,,,,,,,,,,,,,,,,,,,,,,,,,,,,,,,012,001,2022-05-21_14h08.16.787,Trial_Exp,2022.1.2,59.99613732899312,
,,,,,,,,10,0,10,0,,,,,,,,,,,,,,,,,,,,,,,,,,,,,,,,,,,,,,,,,,,,,,,,,,,,,,,,,,,,,,,,,,,,,,,,,,,,,,,,,,,,,,,,,,,,,,,,,,,,,,,,,,,,,,,,,,,867.9954242319982,None,868.0056625748776,None,870.991872912,None,871.0022377975881,None,874.9934658359998,None,874.9871122212902,None,878.993184029001,None,rshift,1,-22.087099378997664,878.993184029001,None,879.0042420685902,None,879.9999459680002,None,880.0110408995904,None,,,,,,,,,,,,,,,,,,,,,,,,,,,,,,,,,,,,,,,,,,,,,,,,,,,,,,,,,,,,,,,,,,,,,,,,,,,,,,012,001,2022-05-21_14h08.16.787,Trial_Exp,2022.1.2,59.99613732899312,
,,,,,,,,,,,,,,,,,,,,,,,,,,,,,,,,,,,,,,,,,,,,,,,,,,,,,,,,,,,,,,,,,,,,,,,,,,,,,,,,,,,,,,,,,,,,,,,,,,,,,,,,,,,,,,,,,,,,,,,888.4964951689981,None,space,0,9.74656400800086,888.4964951689981,None,,,,,,,,,,,,,,,,,,,,,,,,,,,,,,,,,,,,,,,,,,,,,,,,,,,,,,,,,,,,,,,,,,,,,,,,,,,,,,,,,,,,,,,,,,,,,,,,,,,,,,,012,001,2022-05-21_14h08.16.787,Trial_Exp,2022.1.2,59.99613732899312,
,,,,,,,,,,,,0,0,0,0,,,,,,,,,,,,,,,,,,,,,,,,,,,,,,,,,,,,,,,,,,,,,,,,,,,,,,,,,,,,,,,,,,,,,,,,,,,,,898.2756639779982,None,,,,,,,,,,,,,,,,,,,,,,,,,,,,,,,,,,,,,,,,,,,,,,,,,,,,,,,,,,904.7730291679982,None,904.7702417155822,None,910.7696823789993,None,910.7804862345881,None,914.7711081429989,None,914.7821455615892,None,918.7722073660007,None,lshift,1,0.7368543140000838,918.7722073660007,None,918.7656435122884,None,920.5247873810004,None,920.5332165705884,None,,,,,,,,,,,,,,,,,,,,,,,,,,,,,,,,,,,,,,,,,,,,,,,,,,,,,012,001,2022-05-21_14h08.16.787,Trial_Exp,2022.1.2,59.99613732899312,
,,,,,,,,,,,,1,0,1,0,,,,,,,,,,,,,,,,,,,,,,,,,,,,,,,,,,,,,,,,,,,,,,,,,,,,,,,,,,,,,,,,,,,,,,,,,,,,,,,,,,,,,,,,,,,,,,,,,,,,,,,,,,,,,,,,,,,,,,,,,,,,,,,,,,,,,,,,929.5327048260006,None,929.53635317888,None,933.5261238759995,None,933.5201751502904,None,937.5266872819993,None,937.5213619662903,None,941.5276006309978,None,rshift,1,0.8004222319977998,941.5276006309978,None,941.5226791722893,None,943.3453543959986,None,943.3558399875881,None,,,,,,,,,,,,,,,,,,,,,,,,,,,,,,,,,,,,,,,,,,,,,,,,,,,,,012,001,2022-05-21_14h08.16.787,Trial_Exp,2022.1.2,59.99613732899312,
,,,,,,,,,,,,2,0,2,0,,,,,,,,,,,,,,,,,,,,,,,,,,,,,,,,,,,,,,,,,,,,,,,,,,,,,,,,,,,,,,,,,,,,,,,,,,,,,,,,,,,,,,,,,,,,,,,,,,,,,,,,,,,,,,,,,,,,,,,,,,,,,,,,,,,,,,,,953.3514368169999,None,953.3609542878777,None,956.3484181339991,None,956.3438005822903,None,960.3512337289976,None,960.3614912635901,None,964.3504747080005,None,lshift,0,0.7585909069966874,964.3504747080005,None,964.3618094015881,None,966.1234463479996,None,966.1333980695897,None,,,,,,,,,,,,,,,,,,,,,,,,,,,,,,,,,,,,,,,,,,,,,,,,,,,,,012,001,2022-05-21_14h08.16.787,Trial_Exp,2022.1.2,59.99613732899312,
,,,,,,,,,,,,3,0,3,0,,,,,,,,,,,,,,,,,,,,,,,,,,,,,,,,,,,,,,,,,,,,,,,,,,,,,,,,,,,,,,,,,,,,,,,,,,,,,,,,,,,,,,,,,,,,,,,,,,,,,,,,,,,,,,,,,,,,,,,,,,,,,,,,,,,,,,,,975.1287316839989,None,975.1327760388787,None,978.1208720699979,None,978.1162559822882,None,982.1223102369986,None,982.1175187882876,None,986.1247158730002,None,rshift,1,0.44935057899783715,986.1247158730002,None,986.1353318505905,None,987.5933724790011,None,987.6021589335876,None,,,,,,,,,,,,,,,,,,,,,,,,,,,,,,,,,,,,,,,,,,,,,,,,,,,,,012,001,2022-05-21_14h08.16.787,Trial_Exp,2022.1.2,59.99613732899312,
,,,,,,,,,,,,4,0,4,0,,,,,,,,,,,,,,,,,,,,,,,,,,,,,,,,,,,,,,,,,,,,,,,,,,,,,,,,,,,,,,,,,,,,,,,,,,,,,,,,,,,,,,,,,,,,,,,,,,,,,,,,,,,,,,,,,,,,,,,,,,,,,,,,,,,,,,,,998.6063968249982,None,998.6063094258799,None,1003.6114819590002,None,1003.6067363312872,None,1007.615379633,None,1007.6101794032878,None,1011.6156200500009,None,lshift,0,0.6164474270008213,1011.6156200500009,None,1011.6268355415893,None,1013.2504489509993,None,1013.2602502545894,None,,,,,,,,,,,,,,,,,,,,,,,,,,,,,,,,,,,,,,,,,,,,,,,,,,,,,012,001,2022-05-21_14h08.16.787,Trial_Exp,2022.1.2,59.99613732899312,
,,,,,,,,,,,,5,0,5,0,,,,,,,,,,,,,,,,,,,,,,,,,,,,,,,,,,,,,,,,,,,,,,,,,,,,,,,,,,,,,,,,,,,,,,,,,,,,,,,,,,,,,,,,,,,,,,,,,,,,,,,,,,,,,,,,,,,,,,,,,,,,,,,,,,,,,,,,1021.259935899001,None,1021.2633618558767,None,1027.2520863120008,None,1027.2473939792876,None,1031.2543458180007,None,1031.2648733075885,None,1035.254934998,None,lshift,1,0.6151324069978727,1035.254934998,None,1035.2662947255894,None,1036.8894537470005,None,1036.8999096405905,None,,,,,,,,,,,,,,,,,,,,,,,,,,,,,,,,,,,,,,,,,,,,,,,,,,,,,012,001,2022-05-21_14h08.16.787,Trial_Exp,2022.1.2,59.99613732899312,
,,,,,,,,,,,,6,0,6,0,,,,,,,,,,,,,,,,,,,,,,,,,,,,,,,,,,,,,,,,,,,,,,,,,,,,,,,,,,,,,,,,,,,,,,,,,,,,,,,,,,,,,,,,,,,,,,,,,,,,,,,,,,,,,,,,,,,,,,,,,,,,,,,,,,,,,,,,1046.911103729999,None,1046.920304524179,None,1051.9099694869983,None,1051.904736810288,None,1055.9110384339983,None,1055.9221086725893,None,1059.9114795999994,None,lshift,1,0.5085851109979558,1059.9114795999994,None,1059.9069385252883,None,1061.4301989849992,None,1061.4401438035902,None,,,,,,,,,,,,,,,,,,,,,,,,,,,,,,,,,,,,,,,,,,,,,,,,,,,,,012,001,2022-05-21_14h08.16.787,Trial_Exp,2022.1.2,59.99613732899312,
,,,,,,,,,,,,7,0,7,0,,,,,,,,,,,,,,,,,,,,,,,,,,,,,,,,,,,,,,,,,,,,,,,,,,,,,,,,,,,,,,,,,,,,,,,,,,,,,,,,,,,,,,,,,,,,,,,,,,,,,,,,,,,,,,,,,,,,,,,,,,,,,,,,,,,,,,,,1073.433917325001,None,1073.4449903968791,None,1076.4350638110009,None,1076.4446513365883,None,1080.434854867999,None,1080.4457939875874,None,1084.434820210001,None,lshift,1,0.8202471349977714,1084.434820210001,None,1084.44637304359,None,1086.2710597759979,None,1086.2807986335874,None,,,,,,,,,,,,,,,,,,,,,,,,,,,,,,,,,,,,,,,,,,,,,,,,,,,,,012,001,2022-05-21_14h08.16.787,Trial_Exp,2022.1.2,59.99613732899312,
,,,,,,,,,,,,8,0,8,0,,,,,,,,,,,,,,,,,,,,,,,,,,,,,,,,,,,,,,,,,,,,,,,,,,,,,,,,,,,,,,,,,,,,,,,,,,,,,,,,,,,,,,,,,,,,,,,,,,,,,,,,,,,,,,,,,,,,,,,,,,,,,,,,,,,,,,,,1094.278289214999,None,1094.2839656768786,None,1100.274678572001,None,1100.2849266455896,None,1104.2747188850008,None,1104.269060841289,None,1108.2769198739988,None,lshift,1,0.8311365260015009,1108.2769198739988,None,1108.2867108865876,None,1110.1271777609982,None,1110.1378463705887,None,,,,,,,,,,,,,,,,,,,,,,,,,,,,,,,,,,,,,,,,,,,,,,,,,,,,,012,001,2022-05-21_14h08.16.787,Trial_Exp,2022.1.2,59.99613732899312,
,,,,,,,,,,,,9,0,9,0,,,,,,,,,,,,,,,,,,,,,,,,,,,,,,,,,,,,,,,,,,,,,,,,,,,,,,,,,,,,,,,,,,,,,,,,,,,,,,,,,,,,,,,,,,,,,,,,,,,,,,,,,,,,,,,,,,,,,,,,,,,,,,,,,,,,,,,,1118.1375986919993,None,1118.140976052878,None,1121.1310595879986,None,1121.1259946042887,None,1125.1318000610008,None,1125.1270047392904,None,1129.1316897020006,None,rshift,1,1.0403695610002615,1129.1316897020006,None,1129.1270949962895,None,1131.1833631759982,None,1131.1935321905885,None,,,,,,,,,,,,,,,,,,,,,,,,,,,,,,,,,,,,,,,,,,,,,,,,,,,,,012,001,2022-05-21_14h08.16.787,Trial_Exp,2022.1.2,59.99613732899312,
,,,,,,,,,,,,10,0,10,0,,,,,,,,,,,,,,,,,,,,,,,,,,,,,,,,,,,,,,,,,,,,,,,,,,,,,,,,,,,,,,,,,,,,,,,,,,,,,,,,,,,,,,,,,,,,,,,,,,,,,,,,,,,,,,,,,,,,,,,,,,,,,,,,,,,,,,,,1141.188447081,None,1141.1980495308792,None,1146.1862165290004,None,1146.18153356429,None,1150.1884005059983,None,1150.1827813042878,None,1154.189147017998,None,rshift,1,0.5659135750029236,1154.189147017998,None,1154.1999113175889,None,1155.7737458849988,None,1155.784145682589,None,,,,,,,,,,,,,,,,,,,,,,,,,,,,,,,,,,,,,,,,,,,,,,,,,,,,,012,001,2022-05-21_14h08.16.787,Trial_Exp,2022.1.2,59.99613732899312,
,,,,,,,,,,,,,,,,,,,,,,,,,,,,,,,,,,,,,,,,,,,,,,,,,,,,,,,,,,,,,,,,,,,,,,,,,,,,,,,,,,,,,,,,,,,,,,,,,,,,,,,,,,,,,,,,,,,,,,,1166.2815021499991,None,space,0,13.154555686000094,1166.2815021499991,None,,,,,,,,,,,,,,,,,,,,,,,,,,,,,,,,,,,,,,,,,,,,,,,,,,,,,,,,,,,,,,,,,,,,,,,,,,,,,,,,,,,,,,,,,,,,,,,,,,,,,,,012,001,2022-05-21_14h08.16.787,Trial_Exp,2022.1.2,59.99613732899312,
,,,,,,,,,,,,,,,,0,0,0,0,,,,,,,,,,,,,,,,,,,,,,,,,,,,,,,,,,,,,,,,,,,,,,,,,,,,,,,,,,,,,,,,,,,,,,,,,1179.4583542289984,None,,,,,,,,,,,,,,,,,,,,,,,,,,,,,,,,,,,,,,,,,,,,,,,,,,,,,,,,,,,,,,,,,,,,,,,,,,,,,,,,,,,1185.950094994998,None,1185.9524894165852,None,1189.9493056889987,None,1189.9442609122893,None,1193.9677814839997,None,1193.9778960195881,None,1197.9460766792877,None,1197.9506958419988,None,lshift,1,0.5573779879996437,1197.9506958419988,None,1199.5234233730007,None,1199.5330340945884,1200.5460130949978,,,,,,,,,,,,,,,,,,,,,,,,,,,,012,001,2022-05-21_14h08.16.787,Trial_Exp,2022.1.2,59.99613732899312,
,,,,,,,,,,,,,,,,1,0,1,0,,,,,,,,,,,,,,,,,,,,,,,,,,,,,,,,,,,,,,,,,,,,,,,,,,,,,,,,,,,,,,,,,,,,,,,,,,,,,,,,,,,,,,,,,,,,,,,,,,,,,,,,,,,,,,,,,,,,,,,,,,,,,,,,,,,,,,,,,,,,,,,,,,,,,,,,,,,,,1211.530996753001,None,1211.534744343878,None,1217.5230527229978,None,1217.5185660222892,None,1221.526680076,None,1221.536321987588,None,1225.5212812182876,None,1225.5268135299993,None,rshift,1,0.7362516280009004,1225.5268135299993,None,1227.2776513299978,None,1227.2878380225893,1228.3035137669976,,,,,,,,,,,,,,,,,,,,,,,,,,,,012,001,2022-05-21_14h08.16.787,Trial_Exp,2022.1.2,59.99613732899312,
,,,,,,,,,,,,,,,,2,0,2,0,,,,,,,,,,,,,,,,,,,,,,,,,,,,,,,,,,,,,,,,,,,,,,,,,,,,,,,,,,,,,,,,,,,,,,,,,,,,,,,,,,,,,,,,,,,,,,,,,,,,,,,,,,,,,,,,,,,,,,,,,,,,,,,,,,,,,,,,,,,,,,,,,,,,,,,,,,,,,1239.2831311599984,None,1239.292240734879,None,1242.2822727989987,None,1242.277467920289,None,1246.2980350129983,None,1246.2936940532895,None,1250.2780713962898,None,1250.2833201719986,None,lshift,1,0.4227388690014777,1250.2833201719986,None,1251.7185487269999,None,1251.7283281915888,1252.7440056099986,,,,,,,,,,,,,,,,,,,,,,,,,,,,012,001,2022-05-21_14h08.16.787,Trial_Exp,2022.1.2,59.99613732899312,
,,,,,,,,,,,,,,,,3,0,3,0,,,,,,,,,,,,,,,,,,,,,,,,,,,,,,,,,,,,,,,,,,,,,,,,,,,,,,,,,,,,,,,,,,,,,,,,,,,,,,,,,,,,,,,,,,,,,,,,,,,,,,,,,,,,,,,,,,,,,,,,,,,,,,,,,,,,,,,,,,,,,,,,,,,,,,,,,,,,,1260.7210990109998,None,1260.7314826588783,None,1264.7201144360006,None,1264.7151107012874,None,1268.720839867001,None,1268.7165016942895,None,1272.717684510288,None,1272.722440040001,None,lshift,1,0.6026193329998932,1272.722440040001,None,1274.3415057149978,None,1274.3509193175896,1275.3507806589987,,,,,,,,,,,,,,,,,,,,,,,,,,,,012,001,2022-05-21_14h08.16.787,Trial_Exp,2022.1.2,59.99613732899312,
,,,,,,,,,,,,,,,,4,0,4,0,,,,,,,,,,,,,,,,,,,,,,,,,,,,,,,,,,,,,,,,,,,,,,,,,,,,,,,,,,,,,,,,,,,,,,,,,,,,,,,,,,,,,,,,,,,,,,,,,,,,,,,,,,,,,,,,,,,,,,,,,,,,,,,,,,,,,,,,,,,,,,,,,,,,,,,,,,,,,1285.3483454239977,None,1285.355361510877,None,1289.3434973399999,None,1289.3388242752885,None,1293.3451110210008,None,1293.3401947142888,None,1297.3595618145891,None,1297.3481689260007,None,lshift,1,0.41491008100274485,1297.3481689260007,None,1298.782492888,None,1298.7928509325875,1299.7923259319978,,,,,,,,,,,,,,,,,,,,,,,,,,,,012,001,2022-05-21_14h08.16.787,Trial_Exp,2022.1.2,59.99613732899312,
,,,,,,,,,,,,,,,,5,0,5,0,,,,,,,,,,,,,,,,,,,,,,,,,,,,,,,,,,,,,,,,,,,,,,,,,,,,,,,,,,,,,,,,,,,,,,,,,,,,,,,,,,,,,,,,,,,,,,,,,,,,,,,,,,,,,,,,,,,,,,,,,,,,,,,,,,,,,,,,,,,,,,,,,,,,,,,,,,,,,1308.7873450859988,None,1308.7955044448802,None,1313.7832738619982,None,1313.7785624642897,None,1317.7850213800011,None,1317.7806778892887,None,1321.7818897682887,None,1321.7865991549988,None,lshift,1,0.7014667269977508,1321.7865991549988,None,1323.5049382139987,None,1323.5152399045883,1324.5153128210004,,,,,,,,,,,,,,,,,,,,,,,,,,,,012,001,2022-05-21_14h08.16.787,Trial_Exp,2022.1.2,59.99613732899312,
,,,,,,,,,,,,,,,,6,0,6,0,,,,,,,,,,,,,,,,,,,,,,,,,,,,,,,,,,,,,,,,,,,,,,,,,,,,,,,,,,,,,,,,,,,,,,,,,,,,,,,,,,,,,,,,,,,,,,,,,,,,,,,,,,,,,,,,,,,,,,,,,,,,,,,,,,,,,,,,,,,,,,,,,,,,,,,,,,,,,1332.5111920140007,None,1332.5191700538792,None,1339.5095070139978,None,1339.5196869725887,None,1343.510835623998,None,1343.50621422429,None,1347.5059603122904,None,1347.5104919320001,None,rshift,1,0.5025631339995016,1347.5104919320001,None,1349.0286606240006,None,1349.0391248995884,1350.0417234759989,,,,,,,,,,,,,,,,,,,,,,,,,,,,012,001,2022-05-21_14h08.16.787,Trial_Exp,2022.1.2,59.99613732899312,
,,,,,,,,,,,,,,,,7,0,7,0,,,,,,,,,,,,,,,,,,,,,,,,,,,,,,,,,,,,,,,,,,,,,,,,,,,,,,,,,,,,,,,,,,,,,,,,,,,,,,,,,,,,,,,,,,,,,,,,,,,,,,,,,,,,,,,,,,,,,,,,,,,,,,,,,,,,,,,,,,,,,,,,,,,,,,,,,,,,,1358.034235168001,None,1358.0450027338786,None,1364.0318950929977,None,1364.02712613429,None,1368.0333384929982,None,1368.0282888252882,None,1372.0461644975885,None,1372.0345594249993,None,lshift,0,0.4645166570007859,1372.0345594249993,None,1373.5193218409986,None,1373.5296204295892,1374.5297331679976,,,,,,,,,,,,,,,,,,,,,,,,,,,,012,001,2022-05-21_14h08.16.787,Trial_Exp,2022.1.2,59.99613732899312,
,,,,,,,,,,,,,,,,8,0,8,0,,,,,,,,,,,,,,,,,,,,,,,,,,,,,,,,,,,,,,,,,,,,,,,,,,,,,,,,,,,,,,,,,,,,,,,,,,,,,,,,,,,,,,,,,,,,,,,,,,,,,,,,,,,,,,,,,,,,,,,,,,,,,,,,,,,,,,,,,,,,,,,,,,,,,,,,,,,,,1382.528724197,None,1382.5336764108772,None,1386.5225072739995,None,1386.5337303615897,None,1390.5229046019995,None,1390.5185243602905,None,1394.5190146752907,None,1394.5232910769992,None,rshift,1,0.5897715790015354,1394.5232910769992,None,1396.1270102909984,None,1396.1366368975878,1397.152248737999,,,,,,,,,,,,,,,,,,,,,,,,,,,,012,001,2022-05-21_14h08.16.787,Trial_Exp,2022.1.2,59.99613732899312,
,,,,,,,,,,,,,,,,9,0,9,0,,,,,,,,,,,,,,,,,,,,,,,,,,,,,,,,,,,,,,,,,,,,,,,,,,,,,,,,,,,,,,,,,,,,,,,,,,,,,,,,,,,,,,,,,,,,,,,,,,,,,,,,,,,,,,,,,,,,,,,,,,,,,,,,,,,,,,,,,,,,,,,,,,,,,,,,,,,,,1408.1364601200003,None,1408.1409742268781,None,1413.1312081609976,None,1413.126274555289,None,1417.1321235609976,None,1417.1272994362885,None,1421.1270612682897,None,1421.1320205999982,None,rshift,1,0.7860492799991334,1421.1320205999982,None,1422.9352903260005,None,1422.9455752465883,1423.9605123599977,,,,,,,,,,,,,,,,,,,,,,,,,,,,012,001,2022-05-21_14h08.16.787,Trial_Exp,2022.1.2,59.99613732899312,
,,,,,,,,,,,,,,,,10,0,10,0,,,,,,,,,,,,,,,,,,,,,,,,,,,,,,,,,,,,,,,,,,,,,,,,,,,,,,,,,,,,,,,,,,,,,,,,,,,,,,,,,,,,,,,,,,,,,,,,,,,,,,,,,,,,,,,,,,,,,,,,,,,,,,,,,,,,,,,,,,,,,,,,,,,,,,,,,,,,,1431.9436981049985,None,1431.948150612877,None,1437.9364217119983,None,1437.9318860762874,None,1441.9379058480008,None,1441.9332373842885,None,1445.9508870115906,None,1445.939351473,None,rshift,1,0.6767115640031989,1445.939351473,None,1447.6252592659985,None,1447.6343987485898,1448.6502375460004,,,,,,,,,,,,,,,,,,,,,,,,,,,,012,001,2022-05-21_14h08.16.787,Trial_Exp,2022.1.2,59.99613732899312,
,,,,,,,,,,,,,,,,,,,,,,,,,,,,,,,,,,,,,,,,,,,,,,,,,,,,,,,,,,,,,,,,,,,,,,,,,,,,,,,,,,,,,,,,,,,,,,,,,,,,,,,,,,,,,,,,,,,,,,,1454.1270213229982,None,space,0,14.416054399000132,1454.1270213229982,None,,,,,,,,,,,,,,,,,,,,,,,,,,,,,,,,,,,,,,,,,,,,,,,,,,,,,,,,,,,,,,,,,,,,,,,,,,,,,,,,,,,,,,,,,,,,,,,,,,,,,,,012,001,2022-05-21_14h08.16.787,Trial_Exp,2022.1.2,59.99613732899312,
,,,,,,,,,,,,,,,,,,,,0,0,0,0,,,,,,,,,,,,,,,,,,,,,,,,,,,,,,,,,,,,,,,,,,,,,,,,,,,,,,,,,,,,,,,,,,,,,1468.5725315819982,None,,,,,,,,,,,,,,,,,,,,,,,,,,,,,,,,,,,,,,,,,,,,,,,,,,,,,,,,,,,,,,,,,,,,,,,,,,,,,,,,,,,,,,,,,,,,,,,,,,,,,,,,,,,,1475.0715127679978,None,1475.069570230583,None,1481.0667338489984,None,1481.0775755015902,None,1485.067453407999,None,1485.0625554452895,None,1489.0685870569978,None,1489.0796871275898,None,rshift,1,0.47547120099989115,1489.0685870569978,None,1490.5544407079979,None,1490.563784452589,None,,,012,001,2022-05-21_14h08.16.787,Trial_Exp,2022.1.2,59.99613732899312,
,,,,,,,,,,,,,,,,,,,,1,0,1,0,,,,,,,,,,,,,,,,,,,,,,,,,,,,,,,,,,,,,,,,,,,,,,,,,,,,,,,,,,,,,,,,,,,,,,,,,,,,,,,,,,,,,,,,,,,,,,,,,,,,,,,,,,,,,,,,,,,,,,,,,,,,,,,,,,,,,,,,,,,,,,,,,,,,,,,,,,,,,,,,,,,,,,,,,,,,,,,,,,1499.5600718899987,None,1499.5669692258791,None,1502.5548674309975,None,1502.5504786892893,None,1506.557384658001,None,1506.5683756795888,None,1510.5603832839988,None,1510.5554938392893,None,rshift,1,0.47267395200105966,1510.5603832839988,None,1512.0434878710003,None,1512.0530717335905,None,,,012,001,2022-05-21_14h08.16.787,Trial_Exp,2022.1.2,59.99613732899312,
,,,,,,,,,,,,,,,,,,,,2,0,2,0,,,,,,,,,,,,,,,,,,,,,,,,,,,,,,,,,,,,,,,,,,,,,,,,,,,,,,,,,,,,,,,,,,,,,,,,,,,,,,,,,,,,,,,,,,,,,,,,,,,,,,,,,,,,,,,,,,,,,,,,,,,,,,,,,,,,,,,,,,,,,,,,,,,,,,,,,,,,,,,,,,,,,,,,,,,,,,,,,,1521.0471715540007,None,1521.0573030518801,None,1524.044288541998,None,1524.0396468682889,None,1528.0475963509998,None,1528.042652631288,None,1532.0484585470003,None,1532.04375205129,None,rshift,1,0.6695978829993692,1532.0484585470003,None,1533.732998790998,None,1533.7435023625885,None,,,012,001,2022-05-21_14h08.16.787,Trial_Exp,2022.1.2,59.99613732899312,
,,,,,,,,,,,,,,,,,,,,3,0,3,0,,,,,,,,,,,,,,,,,,,,,,,,,,,,,,,,,,,,,,,,,,,,,,,,,,,,,,,,,,,,,,,,,,,,,,,,,,,,,,,,,,,,,,,,,,,,,,,,,,,,,,,,,,,,,,,,,,,,,,,,,,,,,,,,,,,,,,,,,,,,,,,,,,,,,,,,,,,,,,,,,,,,,,,,,,,,,,,,,,1545.7434564430005,None,1545.7467839528774,None,1550.737516074998,None,1550.7477249055892,None,1554.752842261998,None,1554.7483500372878,None,1558.7384906219995,None,1558.7495335295907,None,rshift,1,0.32657992799795466,1558.7384906219995,None,1560.0745811310007,None,1560.08395484859,None,,,012,001,2022-05-21_14h08.16.787,Trial_Exp,2022.1.2,59.99613732899312,
,,,,,,,,,,,,,,,,,,,,4,0,4,0,,,,,,,,,,,,,,,,,,,,,,,,,,,,,,,,,,,,,,,,,,,,,,,,,,,,,,,,,,,,,,,,,,,,,,,,,,,,,,,,,,,,,,,,,,,,,,,,,,,,,,,,,,,,,,,,,,,,,,,,,,,,,,,,,,,,,,,,,,,,,,,,,,,,,,,,,,,,,,,,,,,,,,,,,,,,,,,,,,1570.076414572999,None,1570.0872499438785,None,1573.076314209,None,1573.0707039212907,None,1577.0777870329985,None,1577.088356300589,None,1581.0782881199993,None,1581.0896085105896,None,lshift,1,0.6677899890019035,1581.0782881199993,None,1582.7626609689978,None,1582.7731724045889,None,,,012,001,2022-05-21_14h08.16.787,Trial_Exp,2022.1.2,59.99613732899312,
,,,,,,,,,,,,,,,,,,,,5,0,5,0,,,,,,,,,,,,,,,,,,,,,,,,,,,,,,,,,,,,,,,,,,,,,,,,,,,,,,,,,,,,,,,,,,,,,,,,,,,,,,,,,,,,,,,,,,,,,,,,,,,,,,,,,,,,,,,,,,,,,,,,,,,,,,,,,,,,,,,,,,,,,,,,,,,,,,,,,,,,,,,,,,,,,,,,,,,,,,,,,,1594.770280716999,None,1594.778314483877,None,1598.767350187998,None,1598.7625779712876,None,1602.7840559949982,None,1602.7955684765884,None,1606.7686716370008,None,1606.7639232252882,None,lshift,1,0.7793906730003073,1606.7686716370008,None,1608.5704163080009,None,1608.5806482585876,None,,,012,001,2022-05-21_14h08.16.787,Trial_Exp,2022.1.2,59.99613732899312,
,,,,,,,,,,,,,,,,,,,,6,0,6,0,,,,,,,,,,,,,,,,,,,,,,,,,,,,,,,,,,,,,,,,,,,,,,,,,,,,,,,,,,,,,,,,,,,,,,,,,,,,,,,,,,,,,,,,,,,,,,,,,,,,,,,,,,,,,,,,,,,,,,,,,,,,,,,,,,,,,,,,,,,,,,,,,,,,,,,,,,,,,,,,,,,,,,,,,,,,,,,,,,1620.5757068649982,None,1620.585059037877,None,1623.5731539459994,None,1623.5685089912881,None,1627.5758099179984,None,1627.5697940552895,None,1631.5767721859993,None,1631.5711394612886,None,rshift,1,0.45128854900031,1631.5767721859993,None,1633.0492705139986,None,1633.059041856589,None,,,012,001,2022-05-21_14h08.16.787,Trial_Exp,2022.1.2,59.99613732899312,
,,,,,,,,,,,,,,,,,,,,7,0,7,0,,,,,,,,,,,,,,,,,,,,,,,,,,,,,,,,,,,,,,,,,,,,,,,,,,,,,,,,,,,,,,,,,,,,,,,,,,,,,,,,,,,,,,,,,,,,,,,,,,,,,,,,,,,,,,,,,,,,,,,,,,,,,,,,,,,,,,,,,,,,,,,,,,,,,,,,,,,,,,,,,,,,,,,,,,,,,,,,,,1645.0490615069975,None,1645.0587478008795,None,1648.0480873279994,None,1648.0437358982895,None,1652.066471443999,None,1652.076934561589,None,1656.0498580229978,None,1656.0612209145884,None,lshift,1,0.11520121899957303,1656.0498580229978,None,1657.184214159999,None,1657.1944792425902,None,,,012,001,2022-05-21_14h08.16.787,Trial_Exp,2022.1.2,59.99613732899312,
,,,,,,,,,,,,,,,,,,,,8,0,8,0,,,,,,,,,,,,,,,,,,,,,,,,,,,,,,,,,,,,,,,,,,,,,,,,,,,,,,,,,,,,,,,,,,,,,,,,,,,,,,,,,,,,,,,,,,,,,,,,,,,,,,,,,,,,,,,,,,,,,,,,,,,,,,,,,,,,,,,,,,,,,,,,,,,,,,,,,,,,,,,,,,,,,,,,,,,,,,,,,,1666.1948908890008,None,1666.1989873238792,None,1670.1870633069993,None,1670.1824375592882,None,1674.1879431929992,None,1674.199427203589,None,1678.1889051359976,None,1678.1841482132882,None,lshift,1,0.6301525960006984,1678.1889051359976,None,1679.8416704839983,None,1679.8508276805887,None,,,012,001,2022-05-21_14h08.16.787,Trial_Exp,2022.1.2,59.99613732899312,
,,,,,,,,,,,,,,,,,,,,9,0,9,0,,,,,,,,,,,,,,,,,,,,,,,,,,,,,,,,,,,,,,,,,,,,,,,,,,,,,,,,,,,,,,,,,,,,,,,,,,,,,,,,,,,,,,,,,,,,,,,,,,,,,,,,,,,,,,,,,,,,,,,,,,,,,,,,,,,,,,,,,,,,,,,,,,,,,,,,,,,,,,,,,,,,,,,,,,,,,,,,,,1689.8507707219978,None,1689.8548759768794,None,1695.8442125519978,None,1695.8396769462893,None,1699.8446056249995,None,1699.8402099112905,None,1703.8481788709978,None,1703.8434705402874,None,rshift,1,0.8818780840010731,1703.8481788709978,None,1705.749917604,None,1705.7601567115898,None,,,012,001,2022-05-21_14h08.16.787,Trial_Exp,2022.1.2,59.99613732899312,
,,,,,,,,,,,,,,,,,,,,10,0,10,0,,,,,,,,,,,,,,,,,,,,,,,,,,,,,,,,,,,,,,,,,,,,,,,,,,,,,,,,,,,,,,,,,,,,,,,,,,,,,,,,,,,,,,,,,,,,,,,,,,,,,,,,,,,,,,,,,,,,,,,,,,,,,,,,,,,,,,,,,,,,,,,,,,,,,,,,,,,,,,,,,,,,,,,,,,,,,,,,,,1714.7586167459995,None,1714.7622036688783,None,1720.7521678589983,None,1720.7633294295892,None,1724.7524075849979,None,1724.7474744242904,None,1728.753368488,None,1728.7486608882905,None,lshift,1,0.46070390900058555,1728.753368488,None,1730.2225305289976,None,1730.2326785995874,None,,,012,001,2022-05-21_14h08.16.787,Trial_Exp,2022.1.2,59.99613732899312,
,,,,,,,,,,,,,,,,,,,,,,,,,,,,,,,,,,,,,,,,,,,,,,,,,,,,,,,,,,,,,,,,,,,,,,,,,,,,,,,,,,,,,,,,,,,,,,,,,,,,,,,,,,,,,,,,,,,,,,,,,,,,,,,,,,,,,,,,,,,,,,,,,,,,,,,,,,,,,,,,,,,,,,,,,,,,,,,,,,,,,,,,,,,,,,,,,,,,,,,,,,,,,,,,,,,,,,,,,,,,,,,,,,1738.725767385,None,,,,,,,
