﻿trials_6.thisRepN,trials_6.thisTrialN,trials_6.thisN,trials_6.thisIndex,text_6.started,text_6.stopped,button_2.started,button_2.stopped,button_2.numClicks,button_2.timesOn,button_2.timesOff,key_resp_11.keys,key_resp_11.rt,key_resp_11.started,key_resp_11.stopped,text_8.started,text_8.stopped,text_4.started,text_4.stopped,button.started,button.stopped,button.numClicks,button.timesOn,button.timesOff,key_resp_12.keys,key_resp_12.rt,key_resp_12.started,key_resp_12.stopped,text_7.started,text_7.stopped,key_resp_8.keys,key_resp_8.rt,key_resp_8.started,key_resp_8.stopped,sound_31.started,sound_31.stopped,text_10.started,text_10.stopped,image.started,image.stopped,participant,session,date,expName,psychopyVersion,frameRate,
,,,,27.99370119802188,None,27.99370119802188,None,0,,,space,2.3286994420050178,28.97928862902336,None,,,,,,,,,,,,,,,,,,,,,,,,,,check',001,2022-05-13_15h08.19.670,Trial_Exp,2022.1.2,60.043682387656816,
,,,,,,,,,,,,,,,31.330203954013996,None,46.33366974600358,None,46.33366974600358,None,0,,,space,17.567511978006223,47.30047864699736,None,,,,,,,,,,,,,check',001,2022-05-13_15h08.19.670,Trial_Exp,2022.1.2,60.043682387656816,
,,,,,,,,,,,,,,,,,,,,,,,,,,,,64.88994286602247,None,space,14.907087572995806,64.88994286602247,None,,,,,,,check',001,2022-05-13_15h08.19.670,Trial_Exp,2022.1.2,60.043682387656816,
,,,,,,,,,,,,,,,,,,,,,,,,,,,,,,,,,,64.88949336250953,65.88945184802287,64.88994286602247,None,64.88994286602247,None,,,,,,,
