﻿trials_6.thisRepN,trials_6.thisTrialN,trials_6.thisN,trials_6.thisIndex,text_6.started,text_6.stopped,button_2.started,button_2.stopped,button_2.numClicks,button_2.timesOn,button_2.timesOff,key_resp_11.keys,key_resp_11.rt,key_resp_11.started,key_resp_11.stopped,text_8.started,text_8.stopped,text_4.started,text_4.stopped,button.started,button.stopped,button.numClicks,button.timesOn,button.timesOff,key_resp_12.keys,key_resp_12.rt,key_resp_12.started,key_resp_12.stopped,text_7.started,text_7.stopped,key_resp_8.keys,key_resp_8.rt,key_resp_8.started,key_resp_8.stopped,sound_31.started,sound_31.stopped,text_10.started,text_10.stopped,polygon_26.started,polygon_26.stopped,sound_26.started,sound_26.stopped,polygon_27.started,polygon_27.stopped,sound_27.started,sound_27.stopped,polygon_28.started,polygon_28.stopped,sound_28.started,sound_28.stopped,participant,session,date,expName,psychopyVersion,frameRate,
,,,,26.87390857801074,None,26.87390857801074,None,0,,,space,6.523965455999132,27.8595339099993,None,,,,,,,,,,,,,,,,,,,,,,,,,,,,,,,,,,,,trial,001,2022-05-13_11h37.38.268,Trial_Exp,2022.1.2,59.84050901173178,
,,,,,,,,,,,,,,,34.412133611011086,None,49.416233082010876,None,49.416233082010876,None,0,,,space,1.7715739579871297,50.382920623000246,None,,,,,,,,,,,,,,,,,,,,,,,trial,001,2022-05-13_11h37.38.268,Trial_Exp,2022.1.2,59.84050901173178,
,,,,,,,,,,,,,,,,,,,,,,,,,,,,52.18317467000452,None,space,3.2313229940191377,52.18317467000452,None,,,,,,,,,,,,,,,,,trial,001,2022-05-13_11h37.38.268,Trial_Exp,2022.1.2,59.84050901173178,
,,,,,,,,,,,,,,,,,,,,,,,,,,,,,,,,,,52.187570611195405,53.20002269098768,52.18317467000452,None,55.43442318800953,None,55.434357342199654,None,60.43995413099765,None,60.436126177205004,None,64.43844062299468,None,64.43812014919823,None,,,,,,,
